Data,Média Precipitação Total (mm),Média Pressão Atmosférica (mB),Média Temperatura do Ar (°C),Média Umidade Relativa do Ar (%),Média Vento Velocidade (m/s)
2022-03-24 00:00:00,0.0,925.846,23.93,71.25%,1.94
2022-03-24 00:00:00,0.0,925.846,23.93,71.25%,1.94
2022-03-24 00:00:00,0.0,925.846,23.93,71.25%,1.94
2022-03-24 00:00:00,0.0,925.846,23.93,71.25%,1.94
2022-03-24 00:00:00,0.0,925.846,23.93,71.25%,1.94
2022-03-24 00:00:00,0.0,925.846,23.93,71.25%,1.94
2022-03-24 00:00:00,0.0,925.846,23.93,71.25%,1.94
2022-03-24 00:00:00,0.0,925.846,23.93,71.25%,1.94
2022-03-24 00:00:00,0.0,925.846,23.93,71.25%,1.94
2022-03-24 00:00:00,0.0,925.846,23.93,71.25%,1.94
2022-03-24 00:00:00,0.0,925.846,23.93,71.25%,1.94
2022-03-24 00:00:00,0.0,925.846,23.93,71.25%,1.94
2022-03-24 00:00:00,0.0,925.846,23.93,71.25%,1.94
2022-03-24 00:00:00,0.0,925.846,23.93,71.25%,1.94
2022-03-24 00:00:00,0.0,925.846,23.93,71.25%,1.94
2022-03-24 00:00:00,0.0,925.846,23.93,71.25%,1.94
2022-03-24 00:00:00,0.0,925.846,23.93,71.25%,1.94
2022-03-24 00:00:00,0.0,925.846,23.93,71.25%,1.94
2022-03-24 00:00:00,0.0,925.846,23.93,71.25%,1.94
2022-03-24 00:00:00,0.0,925.846,23.93,71.25%,1.94
2022-03-24 00:00:00,0.0,925.846,23.93,71.25%,1.94
2022-03-24 00:00:00,0.0,925.846,23.93,71.25%,1.94
2022-03-24 00:00:00,0.0,925.846,23.93,71.25%,1.94
2022-03-24 00:00:00,0.0,925.846,23.93,71.25%,1.94
2022-03-24 00:00:00,0.0,925.846,23.93,71.25%,1.94
2022-03-24 00:00:00,0.0,925.846,23.93,71.25%,1.94
2022-03-24 00:00:00,0.0,925.846,23.93,71.25%,1.94
2022-03-24 00:00:00,0.0,925.846,23.93,71.25%,1.94
2022-03-24 00:00:00,0.0,925.846,23.93,71.25%,1.94
2022-03-24 00:00:00,0.0,925.846,23.93,71.25%,1.94
2022-03-24 00:00:00,0.0,925.846,23.93,71.25%,1.94
2022-03-24 00:00:00,0.0,925.846,23.93,71.25%,1.94
2022-03-24 00:00:00,0.0,925.846,23.93,71.25%,1.94
2022-03-24 00:00:00,0.0,925.846,23.93,71.25%,1.94
2022-03-24 00:00:00,0.0,925.846,23.93,71.25%,1.94
2022-03-24 00:00:00,0.0,925.846,23.93,71.25%,1.94
2022-03-24 00:00:00,0.0,925.846,23.93,71.25%,1.94
2022-03-24 00:00:00,0.0,925.846,23.93,71.25%,1.94
2022-03-31 00:00:00,0.2333,927.429,19.42,96.54%,2.35
2022-03-31 00:00:00,0.2333,927.429,19.42,96.54%,2.35
2022-03-31 00:00:00,0.2333,927.429,19.42,96.54%,2.35
2022-03-31 00:00:00,0.2333,927.429,19.42,96.54%,2.35
2022-03-31 00:00:00,0.2333,927.429,19.42,96.54%,2.35
2022-03-31 00:00:00,0.2333,927.429,19.42,96.54%,2.35
2022-03-31 00:00:00,0.2333,927.429,19.42,96.54%,2.35
2022-03-31 00:00:00,0.2333,927.429,19.42,96.54%,2.35
2022-03-31 00:00:00,0.2333,927.429,19.42,96.54%,2.35
2022-03-31 00:00:00,0.2333,927.429,19.42,96.54%,2.35
2022-03-31 00:00:00,0.2333,927.429,19.42,96.54%,2.35
2022-03-31 00:00:00,0.2333,927.429,19.42,96.54%,2.35
2022-03-31 00:00:00,0.2333,927.429,19.42,96.54%,2.35
2022-03-31 00:00:00,0.2333,927.429,19.42,96.54%,2.35
2022-03-31 00:00:00,0.2333,927.429,19.42,96.54%,2.35
2022-03-31 00:00:00,0.2333,927.429,19.42,96.54%,2.35
2022-03-31 00:00:00,0.2333,927.429,19.42,96.54%,2.35
2022-03-31 00:00:00,0.2333,927.429,19.42,96.54%,2.35
2022-03-31 00:00:00,0.2333,927.429,19.42,96.54%,2.35
2022-03-31 00:00:00,0.2333,927.429,19.42,96.54%,2.35
2022-03-31 00:00:00,0.2333,927.429,19.42,96.54%,2.35
2022-03-31 00:00:00,0.2333,927.429,19.42,96.54%,2.35
2022-03-31 00:00:00,0.2333,927.429,19.42,96.54%,2.35
2022-03-31 00:00:00,0.2333,927.429,19.42,96.54%,2.35
2022-03-31 00:00:00,0.2333,927.429,19.42,96.54%,2.35
2022-03-31 00:00:00,0.2333,927.429,19.42,96.54%,2.35
2022-03-31 00:00:00,0.2333,927.429,19.42,96.54%,2.35
2022-03-31 00:00:00,0.2333,927.429,19.42,96.54%,2.35
2022-03-31 00:00:00,0.2333,927.429,19.42,96.54%,2.35
2022-03-31 00:00:00,0.2333,927.429,19.42,96.54%,2.35
2022-03-31 00:00:00,0.2333,927.429,19.42,96.54%,2.35
2022-03-31 00:00:00,0.2333,927.429,19.42,96.54%,2.35
2022-03-31 00:00:00,0.2333,927.429,19.42,96.54%,2.35
2022-03-31 00:00:00,0.2333,927.429,19.42,96.54%,2.35
2022-03-31 00:00:00,0.2333,927.429,19.42,96.54%,2.35
2022-03-31 00:00:00,0.2333,927.429,19.42,96.54%,2.35
2022-03-31 00:00:00,0.2333,927.429,19.42,96.54%,2.35
2022-03-31 00:00:00,0.2333,927.429,19.42,96.54%,2.35
2022-04-07 00:00:00,0.0,928.283,19.38,89.83%,2.52
2022-04-07 00:00:00,0.0,928.283,19.38,89.83%,2.52
2022-04-07 00:00:00,0.0,928.283,19.38,89.83%,2.52
2022-04-07 00:00:00,0.0,928.283,19.38,89.83%,2.52
2022-04-07 00:00:00,0.0,928.283,19.38,89.83%,2.52
2022-04-07 00:00:00,0.0,928.283,19.38,89.83%,2.52
2022-04-07 00:00:00,0.0,928.283,19.38,89.83%,2.52
2022-04-07 00:00:00,0.0,928.283,19.38,89.83%,2.52
2022-04-07 00:00:00,0.0,928.283,19.38,89.83%,2.52
2022-04-07 00:00:00,0.0,928.283,19.38,89.83%,2.52
2022-04-07 00:00:00,0.0,928.283,19.38,89.83%,2.52
2022-04-07 00:00:00,0.0,928.283,19.38,89.83%,2.52
2022-04-07 00:00:00,0.0,928.283,19.38,89.83%,2.52
2022-04-07 00:00:00,0.0,928.283,19.38,89.83%,2.52
2022-04-07 00:00:00,0.0,928.283,19.38,89.83%,2.52
2022-04-07 00:00:00,0.0,928.283,19.38,89.83%,2.52
2022-04-07 00:00:00,0.0,928.283,19.38,89.83%,2.52
2022-04-07 00:00:00,0.0,928.283,19.38,89.83%,2.52
2022-04-07 00:00:00,0.0,928.283,19.38,89.83%,2.52
2022-04-07 00:00:00,0.0,928.283,19.38,89.83%,2.52
2022-04-07 00:00:00,0.0,928.283,19.38,89.83%,2.52
2022-04-07 00:00:00,0.0,928.283,19.38,89.83%,2.52
2022-04-07 00:00:00,0.0,928.283,19.38,89.83%,2.52
2022-04-07 00:00:00,0.0,928.283,19.38,89.83%,2.52
2022-04-07 00:00:00,0.0,928.283,19.38,89.83%,2.52
2022-04-07 00:00:00,0.0,928.283,19.38,89.83%,2.52
2022-04-07 00:00:00,0.0,928.283,19.38,89.83%,2.52
2022-04-07 00:00:00,0.0,928.283,19.38,89.83%,2.52
2022-04-07 00:00:00,0.0,928.283,19.38,89.83%,2.52
2022-04-07 00:00:00,0.0,928.283,19.38,89.83%,2.52
2022-04-07 00:00:00,0.0,928.283,19.38,89.83%,2.52
2022-04-07 00:00:00,0.0,928.283,19.38,89.83%,2.52
2022-04-07 00:00:00,0.0,928.283,19.38,89.83%,2.52
2022-04-07 00:00:00,0.0,928.283,19.38,89.83%,2.52
2022-04-07 00:00:00,0.0,928.283,19.38,89.83%,2.52
2022-04-07 00:00:00,0.0,928.283,19.38,89.83%,2.52
2022-04-07 00:00:00,0.0,928.283,19.38,89.83%,2.52
2022-04-07 00:00:00,0.0,928.283,19.38,89.83%,2.52
2022-04-07 00:00:00,0.0,928.283,19.38,89.83%,2.52
2022-04-14 00:00:00,0.2667,924.713,19.77,93.79%,2.05
2022-04-14 00:00:00,0.2667,924.713,19.77,93.79%,2.05
2022-04-14 00:00:00,0.2667,924.713,19.77,93.79%,2.05
2022-04-14 00:00:00,0.2667,924.713,19.77,93.79%,2.05
2022-04-14 00:00:00,0.2667,924.713,19.77,93.79%,2.05
2022-04-14 00:00:00,0.2667,924.713,19.77,93.79%,2.05
2022-04-14 00:00:00,0.2667,924.713,19.77,93.79%,2.05
2022-04-14 00:00:00,0.2667,924.713,19.77,93.79%,2.05
2022-04-14 00:00:00,0.2667,924.713,19.77,93.79%,2.05
2022-04-14 00:00:00,0.2667,924.713,19.77,93.79%,2.05
2022-04-14 00:00:00,0.2667,924.713,19.77,93.79%,2.05
2022-04-14 00:00:00,0.2667,924.713,19.77,93.79%,2.05
2022-04-14 00:00:00,0.2667,924.713,19.77,93.79%,2.05
2022-04-14 00:00:00,0.2667,924.713,19.77,93.79%,2.05
2022-04-14 00:00:00,0.2667,924.713,19.77,93.79%,2.05
2022-04-14 00:00:00,0.2667,924.713,19.77,93.79%,2.05
2022-04-14 00:00:00,0.2667,924.713,19.77,93.79%,2.05
2022-04-14 00:00:00,0.2667,924.713,19.77,93.79%,2.05
2022-04-14 00:00:00,0.2667,924.713,19.77,93.79%,2.05
2022-04-14 00:00:00,0.2667,924.713,19.77,93.79%,2.05
2022-04-14 00:00:00,0.2667,924.713,19.77,93.79%,2.05
2022-04-14 00:00:00,0.2667,924.713,19.77,93.79%,2.05
2022-04-14 00:00:00,0.2667,924.713,19.77,93.79%,2.05
2022-04-14 00:00:00,0.2667,924.713,19.77,93.79%,2.05
2022-04-14 00:00:00,0.2667,924.713,19.77,93.79%,2.05
2022-04-14 00:00:00,0.2667,924.713,19.77,93.79%,2.05
2022-04-14 00:00:00,0.2667,924.713,19.77,93.79%,2.05
2022-04-14 00:00:00,0.2667,924.713,19.77,93.79%,2.05
2022-04-14 00:00:00,0.2667,924.713,19.77,93.79%,2.05
2022-04-14 00:00:00,0.2667,924.713,19.77,93.79%,2.05
2022-04-14 00:00:00,0.2667,924.713,19.77,93.79%,2.05
2022-04-14 00:00:00,0.2667,924.713,19.77,93.79%,2.05
2022-04-14 00:00:00,0.2667,924.713,19.77,93.79%,2.05
2022-04-14 00:00:00,0.2667,924.713,19.77,93.79%,2.05
2022-04-14 00:00:00,0.2667,924.713,19.77,93.79%,2.05
2022-04-14 00:00:00,0.2667,924.713,19.77,93.79%,2.05
2022-04-14 00:00:00,0.2667,924.713,19.77,93.79%,2.05
2022-04-14 00:00:00,0.2667,924.713,19.77,93.79%,2.05
2022-04-14 00:00:00,0.2667,924.713,19.77,93.79%,2.05
2022-04-28 00:00:00,0.0,928.879,24.35,66.04%,1.55
2022-04-28 00:00:00,0.0,928.879,24.35,66.04%,1.55
2022-04-28 00:00:00,0.0,928.879,24.35,66.04%,1.55
2022-04-28 00:00:00,0.0,928.879,24.35,66.04%,1.55
2022-04-28 00:00:00,0.0,928.879,24.35,66.04%,1.55
2022-04-28 00:00:00,0.0,928.879,24.35,66.04%,1.55
2022-04-28 00:00:00,0.0,928.879,24.35,66.04%,1.55
2022-04-28 00:00:00,0.0,928.879,24.35,66.04%,1.55
2022-04-28 00:00:00,0.0,928.879,24.35,66.04%,1.55
2022-04-28 00:00:00,0.0,928.879,24.35,66.04%,1.55
2022-04-28 00:00:00,0.0,928.879,24.35,66.04%,1.55
2022-04-28 00:00:00,0.0,928.879,24.35,66.04%,1.55
2022-04-28 00:00:00,0.0,928.879,24.35,66.04%,1.55
2022-04-28 00:00:00,0.0,928.879,24.35,66.04%,1.55
2022-04-28 00:00:00,0.0,928.879,24.35,66.04%,1.55
2022-04-28 00:00:00,0.0,928.879,24.35,66.04%,1.55
2022-04-28 00:00:00,0.0,928.879,24.35,66.04%,1.55
2022-04-28 00:00:00,0.0,928.879,24.35,66.04%,1.55
2022-04-28 00:00:00,0.0,928.879,24.35,66.04%,1.55
2022-04-28 00:00:00,0.0,928.879,24.35,66.04%,1.55
2022-04-28 00:00:00,0.0,928.879,24.35,66.04%,1.55
2022-04-28 00:00:00,0.0,928.879,24.35,66.04%,1.55
2022-04-28 00:00:00,0.0,928.879,24.35,66.04%,1.55
2022-04-28 00:00:00,0.0,928.879,24.35,66.04%,1.55
2022-04-28 00:00:00,0.0,928.879,24.35,66.04%,1.55
2022-04-28 00:00:00,0.0,928.879,24.35,66.04%,1.55
2022-04-28 00:00:00,0.0,928.879,24.35,66.04%,1.55
2022-04-28 00:00:00,0.0,928.879,24.35,66.04%,1.55
2022-04-28 00:00:00,0.0,928.879,24.35,66.04%,1.55
2022-04-28 00:00:00,0.0,928.879,24.35,66.04%,1.55
2022-04-28 00:00:00,0.0,928.879,24.35,66.04%,1.55
2022-04-28 00:00:00,0.0,928.879,24.35,66.04%,1.55
2022-04-28 00:00:00,0.0,928.879,24.35,66.04%,1.55
2022-04-28 00:00:00,0.0,928.879,24.35,66.04%,1.55
2022-04-28 00:00:00,0.0,928.879,24.35,66.04%,1.55
2022-04-28 00:00:00,0.0,928.879,24.35,66.04%,1.55
2022-04-28 00:00:00,0.0,928.879,24.35,66.04%,1.55
2022-04-28 00:00:00,0.0,928.879,24.35,66.04%,1.55
2022-04-28 00:00:00,0.0,928.879,24.35,66.04%,1.55
2022-05-05 00:00:00,0.0583,927.738,15.06,87.33%,2.55
2022-05-05 00:00:00,0.0583,927.738,15.06,87.33%,2.55
2022-05-05 00:00:00,0.0583,927.738,15.06,87.33%,2.55
2022-05-05 00:00:00,0.0583,927.738,15.06,87.33%,2.55
2022-05-05 00:00:00,0.0583,927.738,15.06,87.33%,2.55
2022-05-05 00:00:00,0.0583,927.738,15.06,87.33%,2.55
2022-05-05 00:00:00,0.0583,927.738,15.06,87.33%,2.55
2022-05-05 00:00:00,0.0583,927.738,15.06,87.33%,2.55
2022-05-05 00:00:00,0.0583,927.738,15.06,87.33%,2.55
2022-05-05 00:00:00,0.0583,927.738,15.06,87.33%,2.55
2022-05-05 00:00:00,0.0583,927.738,15.06,87.33%,2.55
2022-05-05 00:00:00,0.0583,927.738,15.06,87.33%,2.55
2022-05-05 00:00:00,0.0583,927.738,15.06,87.33%,2.55
2022-05-05 00:00:00,0.0583,927.738,15.06,87.33%,2.55
2022-05-05 00:00:00,0.0583,927.738,15.06,87.33%,2.55
2022-05-05 00:00:00,0.0583,927.738,15.06,87.33%,2.55
2022-05-05 00:00:00,0.0583,927.738,15.06,87.33%,2.55
2022-05-05 00:00:00,0.0583,927.738,15.06,87.33%,2.55
2022-05-05 00:00:00,0.0583,927.738,15.06,87.33%,2.55
2022-05-05 00:00:00,0.0583,927.738,15.06,87.33%,2.55
2022-05-05 00:00:00,0.0583,927.738,15.06,87.33%,2.55
2022-05-05 00:00:00,0.0583,927.738,15.06,87.33%,2.55
2022-05-05 00:00:00,0.0583,927.738,15.06,87.33%,2.55
2022-05-05 00:00:00,0.0583,927.738,15.06,87.33%,2.55
2022-05-05 00:00:00,0.0583,927.738,15.06,87.33%,2.55
2022-05-05 00:00:00,0.0583,927.738,15.06,87.33%,2.55
2022-05-05 00:00:00,0.0583,927.738,15.06,87.33%,2.55
2022-05-05 00:00:00,0.0583,927.738,15.06,87.33%,2.55
2022-05-05 00:00:00,0.0583,927.738,15.06,87.33%,2.55
2022-05-05 00:00:00,0.0583,927.738,15.06,87.33%,2.55
2022-05-05 00:00:00,0.0583,927.738,15.06,87.33%,2.55
2022-05-05 00:00:00,0.0583,927.738,15.06,87.33%,2.55
2022-05-05 00:00:00,0.0583,927.738,15.06,87.33%,2.55
2022-05-05 00:00:00,0.0583,927.738,15.06,87.33%,2.55
2022-05-05 00:00:00,0.0583,927.738,15.06,87.33%,2.55
2022-05-05 00:00:00,0.0583,927.738,15.06,87.33%,2.55
2022-05-05 00:00:00,0.0583,927.738,15.06,87.33%,2.55
2022-05-05 00:00:00,0.0583,927.738,15.06,87.33%,2.55
2022-05-12 00:00:00,0.0,927.646,17.24,92.88%,1.75
2022-05-12 00:00:00,0.0,927.646,17.24,92.88%,1.75
2022-05-12 00:00:00,0.0,927.646,17.24,92.88%,1.75
2022-05-12 00:00:00,0.0,927.646,17.24,92.88%,1.75
2022-05-12 00:00:00,0.0,927.646,17.24,92.88%,1.75
2022-05-12 00:00:00,0.0,927.646,17.24,92.88%,1.75
2022-05-12 00:00:00,0.0,927.646,17.24,92.88%,1.75
2022-05-12 00:00:00,0.0,927.646,17.24,92.88%,1.75
2022-05-12 00:00:00,0.0,927.646,17.24,92.88%,1.75
2022-05-12 00:00:00,0.0,927.646,17.24,92.88%,1.75
2022-05-12 00:00:00,0.0,927.646,17.24,92.88%,1.75
2022-05-12 00:00:00,0.0,927.646,17.24,92.88%,1.75
2022-05-12 00:00:00,0.0,927.646,17.24,92.88%,1.75
2022-05-12 00:00:00,0.0,927.646,17.24,92.88%,1.75
2022-05-12 00:00:00,0.0,927.646,17.24,92.88%,1.75
2022-05-12 00:00:00,0.0,927.646,17.24,92.88%,1.75
2022-05-12 00:00:00,0.0,927.646,17.24,92.88%,1.75
2022-05-12 00:00:00,0.0,927.646,17.24,92.88%,1.75
2022-05-12 00:00:00,0.0,927.646,17.24,92.88%,1.75
2022-05-12 00:00:00,0.0,927.646,17.24,92.88%,1.75
2022-05-12 00:00:00,0.0,927.646,17.24,92.88%,1.75
2022-05-12 00:00:00,0.0,927.646,17.24,92.88%,1.75
2022-05-12 00:00:00,0.0,927.646,17.24,92.88%,1.75
2022-05-12 00:00:00,0.0,927.646,17.24,92.88%,1.75
2022-05-12 00:00:00,0.0,927.646,17.24,92.88%,1.75
2022-05-12 00:00:00,0.0,927.646,17.24,92.88%,1.75
2022-05-12 00:00:00,0.0,927.646,17.24,92.88%,1.75
2022-05-12 00:00:00,0.0,927.646,17.24,92.88%,1.75
2022-05-12 00:00:00,0.0,927.646,17.24,92.88%,1.75
2022-05-12 00:00:00,0.0,927.646,17.24,92.88%,1.75
2022-05-12 00:00:00,0.0,927.646,17.24,92.88%,1.75
2022-05-12 00:00:00,0.0,927.646,17.24,92.88%,1.75
2022-05-12 00:00:00,0.0,927.646,17.24,92.88%,1.75
2022-05-12 00:00:00,0.0,927.646,17.24,92.88%,1.75
2022-05-12 00:00:00,0.0,927.646,17.24,92.88%,1.75
2022-05-12 00:00:00,0.0,927.646,17.24,92.88%,1.75
2022-05-12 00:00:00,0.0,927.646,17.24,92.88%,1.75
2022-05-12 00:00:00,0.0,927.646,17.24,92.88%,1.75
2022-05-19 00:00:00,0.0,926.071,10.75,75.38%,2.65
2022-05-19 00:00:00,0.0,926.071,10.75,75.38%,2.65
2022-05-19 00:00:00,0.0,926.071,10.75,75.38%,2.65
2022-05-19 00:00:00,0.0,926.071,10.75,75.38%,2.65
2022-05-19 00:00:00,0.0,926.071,10.75,75.38%,2.65
2022-05-19 00:00:00,0.0,926.071,10.75,75.38%,2.65
2022-05-19 00:00:00,0.0,926.071,10.75,75.38%,2.65
2022-05-19 00:00:00,0.0,926.071,10.75,75.38%,2.65
2022-05-19 00:00:00,0.0,926.071,10.75,75.38%,2.65
2022-05-19 00:00:00,0.0,926.071,10.75,75.38%,2.65
2022-05-19 00:00:00,0.0,926.071,10.75,75.38%,2.65
2022-05-19 00:00:00,0.0,926.071,10.75,75.38%,2.65
2022-05-19 00:00:00,0.0,926.071,10.75,75.38%,2.65
2022-05-19 00:00:00,0.0,926.071,10.75,75.38%,2.65
2022-05-19 00:00:00,0.0,926.071,10.75,75.38%,2.65
2022-05-19 00:00:00,0.0,926.071,10.75,75.38%,2.65
2022-05-19 00:00:00,0.0,926.071,10.75,75.38%,2.65
2022-05-19 00:00:00,0.0,926.071,10.75,75.38%,2.65
2022-05-19 00:00:00,0.0,926.071,10.75,75.38%,2.65
2022-05-19 00:00:00,0.0,926.071,10.75,75.38%,2.65
2022-05-19 00:00:00,0.0,926.071,10.75,75.38%,2.65
2022-05-19 00:00:00,0.0,926.071,10.75,75.38%,2.65
2022-05-19 00:00:00,0.0,926.071,10.75,75.38%,2.65
2022-05-19 00:00:00,0.0,926.071,10.75,75.38%,2.65
2022-05-19 00:00:00,0.0,926.071,10.75,75.38%,2.65
2022-05-19 00:00:00,0.0,926.071,10.75,75.38%,2.65
2022-05-19 00:00:00,0.0,926.071,10.75,75.38%,2.65
2022-05-19 00:00:00,0.0,926.071,10.75,75.38%,2.65
2022-05-19 00:00:00,0.0,926.071,10.75,75.38%,2.65
2022-05-19 00:00:00,0.0,926.071,10.75,75.38%,2.65
2022-05-19 00:00:00,0.0,926.071,10.75,75.38%,2.65
2022-05-19 00:00:00,0.0,926.071,10.75,75.38%,2.65
2022-05-19 00:00:00,0.0,926.071,10.75,75.38%,2.65
2022-05-19 00:00:00,0.0,926.071,10.75,75.38%,2.65
2022-05-19 00:00:00,0.0,926.071,10.75,75.38%,2.65
2022-05-19 00:00:00,0.0,926.071,10.75,75.38%,2.65
2022-05-19 00:00:00,0.0,926.071,10.75,75.38%,2.65
2022-05-19 00:00:00,0.0,926.071,10.75,75.38%,2.65
2022-05-26 00:00:00,0.0,933.996,18.07,74.67%,1.16
2022-05-26 00:00:00,0.0,933.996,18.07,74.67%,1.16
2022-05-26 00:00:00,0.0,933.996,18.07,74.67%,1.16
2022-05-26 00:00:00,0.0,933.996,18.07,74.67%,1.16
2022-05-26 00:00:00,0.0,933.996,18.07,74.67%,1.16
2022-05-26 00:00:00,0.0,933.996,18.07,74.67%,1.16
2022-05-26 00:00:00,0.0,933.996,18.07,74.67%,1.16
2022-05-26 00:00:00,0.0,933.996,18.07,74.67%,1.16
2022-05-26 00:00:00,0.0,933.996,18.07,74.67%,1.16
2022-05-26 00:00:00,0.0,933.996,18.07,74.67%,1.16
2022-05-26 00:00:00,0.0,933.996,18.07,74.67%,1.16
2022-05-26 00:00:00,0.0,933.996,18.07,74.67%,1.16
2022-05-26 00:00:00,0.0,933.996,18.07,74.67%,1.16
2022-05-26 00:00:00,0.0,933.996,18.07,74.67%,1.16
2022-05-26 00:00:00,0.0,933.996,18.07,74.67%,1.16
2022-05-26 00:00:00,0.0,933.996,18.07,74.67%,1.16
2022-05-26 00:00:00,0.0,933.996,18.07,74.67%,1.16
2022-05-26 00:00:00,0.0,933.996,18.07,74.67%,1.16
2022-05-26 00:00:00,0.0,933.996,18.07,74.67%,1.16
2022-05-26 00:00:00,0.0,933.996,18.07,74.67%,1.16
2022-05-26 00:00:00,0.0,933.996,18.07,74.67%,1.16
2022-05-26 00:00:00,0.0,933.996,18.07,74.67%,1.16
2022-05-26 00:00:00,0.0,933.996,18.07,74.67%,1.16
2022-05-26 00:00:00,0.0,933.996,18.07,74.67%,1.16
2022-05-26 00:00:00,0.0,933.996,18.07,74.67%,1.16
2022-05-26 00:00:00,0.0,933.996,18.07,74.67%,1.16
2022-05-26 00:00:00,0.0,933.996,18.07,74.67%,1.16
2022-05-26 00:00:00,0.0,933.996,18.07,74.67%,1.16
2022-05-26 00:00:00,0.0,933.996,18.07,74.67%,1.16
2022-05-26 00:00:00,0.0,933.996,18.07,74.67%,1.16
2022-05-26 00:00:00,0.0,933.996,18.07,74.67%,1.16
2022-05-26 00:00:00,0.0,933.996,18.07,74.67%,1.16
2022-05-26 00:00:00,0.0,933.996,18.07,74.67%,1.16
2022-05-26 00:00:00,0.0,933.996,18.07,74.67%,1.16
2022-05-26 00:00:00,0.0,933.996,18.07,74.67%,1.16
2022-05-26 00:00:00,0.0,933.996,18.07,74.67%,1.16
2022-05-26 00:00:00,0.0,933.996,18.07,74.67%,1.16
2022-05-26 00:00:00,0.0,933.996,18.07,74.67%,1.16
2022-06-02 00:00:00,0.0083,927.221,16.98,97.04%,1.2
2022-06-02 00:00:00,0.0083,927.221,16.98,97.04%,1.2
2022-06-02 00:00:00,0.0083,927.221,16.98,97.04%,1.2
2022-06-02 00:00:00,0.0083,927.221,16.98,97.04%,1.2
2022-06-02 00:00:00,0.0083,927.221,16.98,97.04%,1.2
2022-06-02 00:00:00,0.0083,927.221,16.98,97.04%,1.2
2022-06-02 00:00:00,0.0083,927.221,16.98,97.04%,1.2
2022-06-02 00:00:00,0.0083,927.221,16.98,97.04%,1.2
2022-06-02 00:00:00,0.0083,927.221,16.98,97.04%,1.2
2022-06-02 00:00:00,0.0083,927.221,16.98,97.04%,1.2
2022-06-02 00:00:00,0.0083,927.221,16.98,97.04%,1.2
2022-06-02 00:00:00,0.0083,927.221,16.98,97.04%,1.2
2022-06-02 00:00:00,0.0083,927.221,16.98,97.04%,1.2
2022-06-02 00:00:00,0.0083,927.221,16.98,97.04%,1.2
2022-06-02 00:00:00,0.0083,927.221,16.98,97.04%,1.2
2022-06-02 00:00:00,0.0083,927.221,16.98,97.04%,1.2
2022-06-02 00:00:00,0.0083,927.221,16.98,97.04%,1.2
2022-06-02 00:00:00,0.0083,927.221,16.98,97.04%,1.2
2022-06-02 00:00:00,0.0083,927.221,16.98,97.04%,1.2
2022-06-02 00:00:00,0.0083,927.221,16.98,97.04%,1.2
2022-06-02 00:00:00,0.0083,927.221,16.98,97.04%,1.2
2022-06-02 00:00:00,0.0083,927.221,16.98,97.04%,1.2
2022-06-02 00:00:00,0.0083,927.221,16.98,97.04%,1.2
2022-06-02 00:00:00,0.0083,927.221,16.98,97.04%,1.2
2022-06-02 00:00:00,0.0083,927.221,16.98,97.04%,1.2
2022-06-02 00:00:00,0.0083,927.221,16.98,97.04%,1.2
2022-06-02 00:00:00,0.0083,927.221,16.98,97.04%,1.2
2022-06-02 00:00:00,0.0083,927.221,16.98,97.04%,1.2
2022-06-02 00:00:00,0.0083,927.221,16.98,97.04%,1.2
2022-06-02 00:00:00,0.0083,927.221,16.98,97.04%,1.2
2022-06-02 00:00:00,0.0083,927.221,16.98,97.04%,1.2
2022-06-02 00:00:00,0.0083,927.221,16.98,97.04%,1.2
2022-06-02 00:00:00,0.0083,927.221,16.98,97.04%,1.2
2022-06-02 00:00:00,0.0083,927.221,16.98,97.04%,1.2
2022-06-02 00:00:00,0.0083,927.221,16.98,97.04%,1.2
2022-06-02 00:00:00,0.0083,927.221,16.98,97.04%,1.2
2022-06-02 00:00:00,0.0083,927.221,16.98,97.04%,1.2
2022-06-02 00:00:00,0.0083,927.221,16.98,97.04%,1.2
2022-06-09 00:00:00,0.0083,928.471,16.12,95.92%,1.07
2022-06-09 00:00:00,0.0083,928.471,16.12,95.92%,1.07
2022-06-09 00:00:00,0.0083,928.471,16.12,95.92%,1.07
2022-06-09 00:00:00,0.0083,928.471,16.12,95.92%,1.07
2022-06-09 00:00:00,0.0083,928.471,16.12,95.92%,1.07
2022-06-09 00:00:00,0.0083,928.471,16.12,95.92%,1.07
2022-06-09 00:00:00,0.0083,928.471,16.12,95.92%,1.07
2022-06-09 00:00:00,0.0083,928.471,16.12,95.92%,1.07
2022-06-09 00:00:00,0.0083,928.471,16.12,95.92%,1.07
2022-06-09 00:00:00,0.0083,928.471,16.12,95.92%,1.07
2022-06-09 00:00:00,0.0083,928.471,16.12,95.92%,1.07
2022-06-09 00:00:00,0.0083,928.471,16.12,95.92%,1.07
2022-06-09 00:00:00,0.0083,928.471,16.12,95.92%,1.07
2022-06-09 00:00:00,0.0083,928.471,16.12,95.92%,1.07
2022-06-09 00:00:00,0.0083,928.471,16.12,95.92%,1.07
2022-06-09 00:00:00,0.0083,928.471,16.12,95.92%,1.07
2022-06-09 00:00:00,0.0083,928.471,16.12,95.92%,1.07
2022-06-09 00:00:00,0.0083,928.471,16.12,95.92%,1.07
2022-06-09 00:00:00,0.0083,928.471,16.12,95.92%,1.07
2022-06-09 00:00:00,0.0083,928.471,16.12,95.92%,1.07
2022-06-09 00:00:00,0.0083,928.471,16.12,95.92%,1.07
2022-06-09 00:00:00,0.0083,928.471,16.12,95.92%,1.07
2022-06-09 00:00:00,0.0083,928.471,16.12,95.92%,1.07
2022-06-09 00:00:00,0.0083,928.471,16.12,95.92%,1.07
2022-06-09 00:00:00,0.0083,928.471,16.12,95.92%,1.07
2022-06-09 00:00:00,0.0083,928.471,16.12,95.92%,1.07
2022-06-09 00:00:00,0.0083,928.471,16.12,95.92%,1.07
2022-06-09 00:00:00,0.0083,928.471,16.12,95.92%,1.07
2022-06-09 00:00:00,0.0083,928.471,16.12,95.92%,1.07
2022-06-09 00:00:00,0.0083,928.471,16.12,95.92%,1.07
2022-06-09 00:00:00,0.0083,928.471,16.12,95.92%,1.07
2022-06-09 00:00:00,0.0083,928.471,16.12,95.92%,1.07
2022-06-09 00:00:00,0.0083,928.471,16.12,95.92%,1.07
2022-06-09 00:00:00,0.0083,928.471,16.12,95.92%,1.07
2022-06-09 00:00:00,0.0083,928.471,16.12,95.92%,1.07
2022-06-09 00:00:00,0.0083,928.471,16.12,95.92%,1.07
2022-06-09 00:00:00,0.0083,928.471,16.12,95.92%,1.07
2022-06-09 00:00:00,0.0083,928.471,16.12,95.92%,1.07
2022-06-16 00:00:00,0.0083,930.283,16.58,77.46%,1.03
2022-06-16 00:00:00,0.0083,930.283,16.58,77.46%,1.03
2022-06-16 00:00:00,0.0083,930.283,16.58,77.46%,1.03
2022-06-16 00:00:00,0.0083,930.283,16.58,77.46%,1.03
2022-06-16 00:00:00,0.0083,930.283,16.58,77.46%,1.03
2022-06-16 00:00:00,0.0083,930.283,16.58,77.46%,1.03
2022-06-16 00:00:00,0.0083,930.283,16.58,77.46%,1.03
2022-06-16 00:00:00,0.0083,930.283,16.58,77.46%,1.03
2022-06-16 00:00:00,0.0083,930.283,16.58,77.46%,1.03
2022-06-16 00:00:00,0.0083,930.283,16.58,77.46%,1.03
2022-06-16 00:00:00,0.0083,930.283,16.58,77.46%,1.03
2022-06-16 00:00:00,0.0083,930.283,16.58,77.46%,1.03
2022-06-16 00:00:00,0.0083,930.283,16.58,77.46%,1.03
2022-06-16 00:00:00,0.0083,930.283,16.58,77.46%,1.03
2022-06-16 00:00:00,0.0083,930.283,16.58,77.46%,1.03
2022-06-16 00:00:00,0.0083,930.283,16.58,77.46%,1.03
2022-06-16 00:00:00,0.0083,930.283,16.58,77.46%,1.03
2022-06-16 00:00:00,0.0083,930.283,16.58,77.46%,1.03
2022-06-16 00:00:00,0.0083,930.283,16.58,77.46%,1.03
2022-06-16 00:00:00,0.0083,930.283,16.58,77.46%,1.03
2022-06-16 00:00:00,0.0083,930.283,16.58,77.46%,1.03
2022-06-16 00:00:00,0.0083,930.283,16.58,77.46%,1.03
2022-06-16 00:00:00,0.0083,930.283,16.58,77.46%,1.03
2022-06-16 00:00:00,0.0083,930.283,16.58,77.46%,1.03
2022-06-16 00:00:00,0.0083,930.283,16.58,77.46%,1.03
2022-06-16 00:00:00,0.0083,930.283,16.58,77.46%,1.03
2022-06-16 00:00:00,0.0083,930.283,16.58,77.46%,1.03
2022-06-16 00:00:00,0.0083,930.283,16.58,77.46%,1.03
2022-06-16 00:00:00,0.0083,930.283,16.58,77.46%,1.03
2022-06-16 00:00:00,0.0083,930.283,16.58,77.46%,1.03
2022-06-16 00:00:00,0.0083,930.283,16.58,77.46%,1.03
2022-06-16 00:00:00,0.0083,930.283,16.58,77.46%,1.03
2022-06-16 00:00:00,0.0083,930.283,16.58,77.46%,1.03
2022-06-16 00:00:00,0.0083,930.283,16.58,77.46%,1.03
2022-06-16 00:00:00,0.0083,930.283,16.58,77.46%,1.03
2022-06-16 00:00:00,0.0083,930.283,16.58,77.46%,1.03
2022-06-16 00:00:00,0.0083,930.283,16.58,77.46%,1.03
2022-06-16 00:00:00,0.0083,930.283,16.58,77.46%,1.03
2022-06-23 00:00:00,0.0,929.829,20.77,55.0%,1.33
2022-06-23 00:00:00,0.0,929.829,20.77,55.0%,1.33
2022-06-23 00:00:00,0.0,929.829,20.77,55.0%,1.33
2022-06-23 00:00:00,0.0,929.829,20.77,55.0%,1.33
2022-06-23 00:00:00,0.0,929.829,20.77,55.0%,1.33
2022-06-23 00:00:00,0.0,929.829,20.77,55.0%,1.33
2022-06-23 00:00:00,0.0,929.829,20.77,55.0%,1.33
2022-06-23 00:00:00,0.0,929.829,20.77,55.0%,1.33
2022-06-23 00:00:00,0.0,929.829,20.77,55.0%,1.33
2022-06-23 00:00:00,0.0,929.829,20.77,55.0%,1.33
2022-06-23 00:00:00,0.0,929.829,20.77,55.0%,1.33
2022-06-23 00:00:00,0.0,929.829,20.77,55.0%,1.33
2022-06-23 00:00:00,0.0,929.829,20.77,55.0%,1.33
2022-06-23 00:00:00,0.0,929.829,20.77,55.0%,1.33
2022-06-23 00:00:00,0.0,929.829,20.77,55.0%,1.33
2022-06-23 00:00:00,0.0,929.829,20.77,55.0%,1.33
2022-06-23 00:00:00,0.0,929.829,20.77,55.0%,1.33
2022-06-23 00:00:00,0.0,929.829,20.77,55.0%,1.33
2022-06-23 00:00:00,0.0,929.829,20.77,55.0%,1.33
2022-06-23 00:00:00,0.0,929.829,20.77,55.0%,1.33
2022-06-23 00:00:00,0.0,929.829,20.77,55.0%,1.33
2022-06-23 00:00:00,0.0,929.829,20.77,55.0%,1.33
2022-06-23 00:00:00,0.0,929.829,20.77,55.0%,1.33
2022-06-23 00:00:00,0.0,929.829,20.77,55.0%,1.33
2022-06-23 00:00:00,0.0,929.829,20.77,55.0%,1.33
2022-06-23 00:00:00,0.0,929.829,20.77,55.0%,1.33
2022-06-23 00:00:00,0.0,929.829,20.77,55.0%,1.33
2022-06-23 00:00:00,0.0,929.829,20.77,55.0%,1.33
2022-06-23 00:00:00,0.0,929.829,20.77,55.0%,1.33
2022-06-23 00:00:00,0.0,929.829,20.77,55.0%,1.33
2022-06-23 00:00:00,0.0,929.829,20.77,55.0%,1.33
2022-06-23 00:00:00,0.0,929.829,20.77,55.0%,1.33
2022-06-23 00:00:00,0.0,929.829,20.77,55.0%,1.33
2022-06-23 00:00:00,0.0,929.829,20.77,55.0%,1.33
2022-06-23 00:00:00,0.0,929.829,20.77,55.0%,1.33
2022-06-23 00:00:00,0.0,929.829,20.77,55.0%,1.33
2022-06-23 00:00:00,0.0,929.829,20.77,55.0%,1.33
2022-06-23 00:00:00,0.0,929.829,20.77,55.0%,1.33
2022-06-30 00:00:00,0.0,929.513,15.84,88.08%,1.67
2022-06-30 00:00:00,0.0,929.513,15.84,88.08%,1.67
2022-06-30 00:00:00,0.0,929.513,15.84,88.08%,1.67
2022-06-30 00:00:00,0.0,929.513,15.84,88.08%,1.67
2022-06-30 00:00:00,0.0,929.513,15.84,88.08%,1.67
2022-06-30 00:00:00,0.0,929.513,15.84,88.08%,1.67
2022-06-30 00:00:00,0.0,929.513,15.84,88.08%,1.67
2022-06-30 00:00:00,0.0,929.513,15.84,88.08%,1.67
2022-06-30 00:00:00,0.0,929.513,15.84,88.08%,1.67
2022-06-30 00:00:00,0.0,929.513,15.84,88.08%,1.67
2022-06-30 00:00:00,0.0,929.513,15.84,88.08%,1.67
2022-06-30 00:00:00,0.0,929.513,15.84,88.08%,1.67
2022-06-30 00:00:00,0.0,929.513,15.84,88.08%,1.67
2022-06-30 00:00:00,0.0,929.513,15.84,88.08%,1.67
2022-06-30 00:00:00,0.0,929.513,15.84,88.08%,1.67
2022-06-30 00:00:00,0.0,929.513,15.84,88.08%,1.67
2022-06-30 00:00:00,0.0,929.513,15.84,88.08%,1.67
2022-06-30 00:00:00,0.0,929.513,15.84,88.08%,1.67
2022-06-30 00:00:00,0.0,929.513,15.84,88.08%,1.67
2022-06-30 00:00:00,0.0,929.513,15.84,88.08%,1.67
2022-06-30 00:00:00,0.0,929.513,15.84,88.08%,1.67
2022-06-30 00:00:00,0.0,929.513,15.84,88.08%,1.67
2022-06-30 00:00:00,0.0,929.513,15.84,88.08%,1.67
2022-06-30 00:00:00,0.0,929.513,15.84,88.08%,1.67
2022-06-30 00:00:00,0.0,929.513,15.84,88.08%,1.67
2022-06-30 00:00:00,0.0,929.513,15.84,88.08%,1.67
2022-06-30 00:00:00,0.0,929.513,15.84,88.08%,1.67
2022-06-30 00:00:00,0.0,929.513,15.84,88.08%,1.67
2022-06-30 00:00:00,0.0,929.513,15.84,88.08%,1.67
2022-06-30 00:00:00,0.0,929.513,15.84,88.08%,1.67
2022-06-30 00:00:00,0.0,929.513,15.84,88.08%,1.67
2022-06-30 00:00:00,0.0,929.513,15.84,88.08%,1.67
2022-06-30 00:00:00,0.0,929.513,15.84,88.08%,1.67
2022-06-30 00:00:00,0.0,929.513,15.84,88.08%,1.67
2022-06-30 00:00:00,0.0,929.513,15.84,88.08%,1.67
2022-06-30 00:00:00,0.0,929.513,15.84,88.08%,1.67
2022-06-30 00:00:00,0.0,929.513,15.84,88.08%,1.67
2022-06-30 00:00:00,0.0,929.513,15.84,88.08%,1.67
2022-07-07 00:00:00,0.0,930.438,18.78,62.79%,1.93
2022-07-07 00:00:00,0.0,930.438,18.78,62.79%,1.93
2022-07-07 00:00:00,0.0,930.438,18.78,62.79%,1.93
2022-07-07 00:00:00,0.0,930.438,18.78,62.79%,1.93
2022-07-07 00:00:00,0.0,930.438,18.78,62.79%,1.93
2022-07-07 00:00:00,0.0,930.438,18.78,62.79%,1.93
2022-07-07 00:00:00,0.0,930.438,18.78,62.79%,1.93
2022-07-07 00:00:00,0.0,930.438,18.78,62.79%,1.93
2022-07-07 00:00:00,0.0,930.438,18.78,62.79%,1.93
2022-07-07 00:00:00,0.0,930.438,18.78,62.79%,1.93
2022-07-07 00:00:00,0.0,930.438,18.78,62.79%,1.93
2022-07-07 00:00:00,0.0,930.438,18.78,62.79%,1.93
2022-07-07 00:00:00,0.0,930.438,18.78,62.79%,1.93
2022-07-07 00:00:00,0.0,930.438,18.78,62.79%,1.93
2022-07-07 00:00:00,0.0,930.438,18.78,62.79%,1.93
2022-07-07 00:00:00,0.0,930.438,18.78,62.79%,1.93
2022-07-07 00:00:00,0.0,930.438,18.78,62.79%,1.93
2022-07-07 00:00:00,0.0,930.438,18.78,62.79%,1.93
2022-07-07 00:00:00,0.0,930.438,18.78,62.79%,1.93
2022-07-07 00:00:00,0.0,930.438,18.78,62.79%,1.93
2022-07-07 00:00:00,0.0,930.438,18.78,62.79%,1.93
2022-07-07 00:00:00,0.0,930.438,18.78,62.79%,1.93
2022-07-07 00:00:00,0.0,930.438,18.78,62.79%,1.93
2022-07-07 00:00:00,0.0,930.438,18.78,62.79%,1.93
2022-07-07 00:00:00,0.0,930.438,18.78,62.79%,1.93
2022-07-07 00:00:00,0.0,930.438,18.78,62.79%,1.93
2022-07-07 00:00:00,0.0,930.438,18.78,62.79%,1.93
2022-07-07 00:00:00,0.0,930.438,18.78,62.79%,1.93
2022-07-07 00:00:00,0.0,930.438,18.78,62.79%,1.93
2022-07-07 00:00:00,0.0,930.438,18.78,62.79%,1.93
2022-07-07 00:00:00,0.0,930.438,18.78,62.79%,1.93
2022-07-07 00:00:00,0.0,930.438,18.78,62.79%,1.93
2022-07-07 00:00:00,0.0,930.438,18.78,62.79%,1.93
2022-07-07 00:00:00,0.0,930.438,18.78,62.79%,1.93
2022-07-07 00:00:00,0.0,930.438,18.78,62.79%,1.93
2022-07-07 00:00:00,0.0,930.438,18.78,62.79%,1.93
2022-07-07 00:00:00,0.0,930.438,18.78,62.79%,1.93
2022-07-07 00:00:00,0.0,930.438,18.78,62.79%,1.93
2022-07-14 00:00:00,0.0,931.304,17.85,87.04%,1.77
2022-07-14 00:00:00,0.0,931.304,17.85,87.04%,1.77
2022-07-14 00:00:00,0.0,931.304,17.85,87.04%,1.77
2022-07-14 00:00:00,0.0,931.304,17.85,87.04%,1.77
2022-07-14 00:00:00,0.0,931.304,17.85,87.04%,1.77
2022-07-14 00:00:00,0.0,931.304,17.85,87.04%,1.77
2022-07-14 00:00:00,0.0,931.304,17.85,87.04%,1.77
2022-07-14 00:00:00,0.0,931.304,17.85,87.04%,1.77
2022-07-14 00:00:00,0.0,931.304,17.85,87.04%,1.77
2022-07-14 00:00:00,0.0,931.304,17.85,87.04%,1.77
2022-07-14 00:00:00,0.0,931.304,17.85,87.04%,1.77
2022-07-14 00:00:00,0.0,931.304,17.85,87.04%,1.77
2022-07-14 00:00:00,0.0,931.304,17.85,87.04%,1.77
2022-07-14 00:00:00,0.0,931.304,17.85,87.04%,1.77
2022-07-14 00:00:00,0.0,931.304,17.85,87.04%,1.77
2022-07-14 00:00:00,0.0,931.304,17.85,87.04%,1.77
2022-07-14 00:00:00,0.0,931.304,17.85,87.04%,1.77
2022-07-14 00:00:00,0.0,931.304,17.85,87.04%,1.77
2022-07-14 00:00:00,0.0,931.304,17.85,87.04%,1.77
2022-07-14 00:00:00,0.0,931.304,17.85,87.04%,1.77
2022-07-14 00:00:00,0.0,931.304,17.85,87.04%,1.77
2022-07-14 00:00:00,0.0,931.304,17.85,87.04%,1.77
2022-07-14 00:00:00,0.0,931.304,17.85,87.04%,1.77
2022-07-14 00:00:00,0.0,931.304,17.85,87.04%,1.77
2022-07-14 00:00:00,0.0,931.304,17.85,87.04%,1.77
2022-07-14 00:00:00,0.0,931.304,17.85,87.04%,1.77
2022-07-14 00:00:00,0.0,931.304,17.85,87.04%,1.77
2022-07-14 00:00:00,0.0,931.304,17.85,87.04%,1.77
2022-07-14 00:00:00,0.0,931.304,17.85,87.04%,1.77
2022-07-14 00:00:00,0.0,931.304,17.85,87.04%,1.77
2022-07-14 00:00:00,0.0,931.304,17.85,87.04%,1.77
2022-07-14 00:00:00,0.0,931.304,17.85,87.04%,1.77
2022-07-14 00:00:00,0.0,931.304,17.85,87.04%,1.77
2022-07-14 00:00:00,0.0,931.304,17.85,87.04%,1.77
2022-07-14 00:00:00,0.0,931.304,17.85,87.04%,1.77
2022-07-14 00:00:00,0.0,931.304,17.85,87.04%,1.77
2022-07-14 00:00:00,0.0,931.304,17.85,87.04%,1.77
2022-07-14 00:00:00,0.0,931.304,17.85,87.04%,1.77
2022-07-28 00:00:00,0.0,926.6,19.31,70.39%,2.05
2022-07-28 00:00:00,0.0,926.6,19.31,70.39%,2.05
2022-07-28 00:00:00,0.0,926.6,19.31,70.39%,2.05
2022-07-28 00:00:00,0.0,926.6,19.31,70.39%,2.05
2022-07-28 00:00:00,0.0,926.6,19.31,70.39%,2.05
2022-07-28 00:00:00,0.0,926.6,19.31,70.39%,2.05
2022-07-28 00:00:00,0.0,926.6,19.31,70.39%,2.05
2022-07-28 00:00:00,0.0,926.6,19.31,70.39%,2.05
2022-07-28 00:00:00,0.0,926.6,19.31,70.39%,2.05
2022-07-28 00:00:00,0.0,926.6,19.31,70.39%,2.05
2022-07-28 00:00:00,0.0,926.6,19.31,70.39%,2.05
2022-07-28 00:00:00,0.0,926.6,19.31,70.39%,2.05
2022-07-28 00:00:00,0.0,926.6,19.31,70.39%,2.05
2022-07-28 00:00:00,0.0,926.6,19.31,70.39%,2.05
2022-07-28 00:00:00,0.0,926.6,19.31,70.39%,2.05
2022-07-28 00:00:00,0.0,926.6,19.31,70.39%,2.05
2022-07-28 00:00:00,0.0,926.6,19.31,70.39%,2.05
2022-07-28 00:00:00,0.0,926.6,19.31,70.39%,2.05
2022-07-28 00:00:00,0.0,926.6,19.31,70.39%,2.05
2022-07-28 00:00:00,0.0,926.6,19.31,70.39%,2.05
2022-07-28 00:00:00,0.0,926.6,19.31,70.39%,2.05
2022-07-28 00:00:00,0.0,926.6,19.31,70.39%,2.05
2022-07-28 00:00:00,0.0,926.6,19.31,70.39%,2.05
2022-07-28 00:00:00,0.0,926.6,19.31,70.39%,2.05
2022-07-28 00:00:00,0.0,926.6,19.31,70.39%,2.05
2022-07-28 00:00:00,0.0,926.6,19.31,70.39%,2.05
2022-07-28 00:00:00,0.0,926.6,19.31,70.39%,2.05
2022-07-28 00:00:00,0.0,926.6,19.31,70.39%,2.05
2022-07-28 00:00:00,0.0,926.6,19.31,70.39%,2.05
2022-07-28 00:00:00,0.0,926.6,19.31,70.39%,2.05
2022-07-28 00:00:00,0.0,926.6,19.31,70.39%,2.05
2022-07-28 00:00:00,0.0,926.6,19.31,70.39%,2.05
2022-07-28 00:00:00,0.0,926.6,19.31,70.39%,2.05
2022-07-28 00:00:00,0.0,926.6,19.31,70.39%,2.05
2022-07-28 00:00:00,0.0,926.6,19.31,70.39%,2.05
2022-07-28 00:00:00,0.0,926.6,19.31,70.39%,2.05
2022-07-28 00:00:00,0.0,926.6,19.31,70.39%,2.05
2022-07-28 00:00:00,0.0,926.6,19.31,70.39%,2.05
2022-08-04 00:00:00,0.0083,926.6,19.68,70.04%,1.82
2022-08-04 00:00:00,0.0083,926.6,19.68,70.04%,1.82
2022-08-04 00:00:00,0.0083,926.6,19.68,70.04%,1.82
2022-08-04 00:00:00,0.0083,926.6,19.68,70.04%,1.82
2022-08-04 00:00:00,0.0083,926.6,19.68,70.04%,1.82
2022-08-04 00:00:00,0.0083,926.6,19.68,70.04%,1.82
2022-08-04 00:00:00,0.0083,926.6,19.68,70.04%,1.82
2022-08-04 00:00:00,0.0083,926.6,19.68,70.04%,1.82
2022-08-04 00:00:00,0.0083,926.6,19.68,70.04%,1.82
2022-08-04 00:00:00,0.0083,926.6,19.68,70.04%,1.82
2022-08-04 00:00:00,0.0083,926.6,19.68,70.04%,1.82
2022-08-04 00:00:00,0.0083,926.6,19.68,70.04%,1.82
2022-08-04 00:00:00,0.0083,926.6,19.68,70.04%,1.82
2022-08-04 00:00:00,0.0083,926.6,19.68,70.04%,1.82
2022-08-04 00:00:00,0.0083,926.6,19.68,70.04%,1.82
2022-08-04 00:00:00,0.0083,926.6,19.68,70.04%,1.82
2022-08-04 00:00:00,0.0083,926.6,19.68,70.04%,1.82
2022-08-04 00:00:00,0.0083,926.6,19.68,70.04%,1.82
2022-08-04 00:00:00,0.0083,926.6,19.68,70.04%,1.82
2022-08-04 00:00:00,0.0083,926.6,19.68,70.04%,1.82
2022-08-04 00:00:00,0.0083,926.6,19.68,70.04%,1.82
2022-08-04 00:00:00,0.0083,926.6,19.68,70.04%,1.82
2022-08-04 00:00:00,0.0083,926.6,19.68,70.04%,1.82
2022-08-04 00:00:00,0.0083,926.6,19.68,70.04%,1.82
2022-08-04 00:00:00,0.0083,926.6,19.68,70.04%,1.82
2022-08-04 00:00:00,0.0083,926.6,19.68,70.04%,1.82
2022-08-04 00:00:00,0.0083,926.6,19.68,70.04%,1.82
2022-08-04 00:00:00,0.0083,926.6,19.68,70.04%,1.82
2022-08-04 00:00:00,0.0083,926.6,19.68,70.04%,1.82
2022-08-04 00:00:00,0.0083,926.6,19.68,70.04%,1.82
2022-08-04 00:00:00,0.0083,926.6,19.68,70.04%,1.82
2022-08-04 00:00:00,0.0083,926.6,19.68,70.04%,1.82
2022-08-04 00:00:00,0.0083,926.6,19.68,70.04%,1.82
2022-08-04 00:00:00,0.0083,926.6,19.68,70.04%,1.82
2022-08-04 00:00:00,0.0083,926.6,19.68,70.04%,1.82
2022-08-04 00:00:00,0.0083,926.6,19.68,70.04%,1.82
2022-08-04 00:00:00,0.0083,926.6,19.68,70.04%,1.82
2022-08-04 00:00:00,0.0083,926.6,19.68,70.04%,1.82
2022-08-11 00:00:00,0.1583,931.071,12.08,95.04%,2.5
2022-08-11 00:00:00,0.1583,931.071,12.08,95.04%,2.5
2022-08-11 00:00:00,0.1583,931.071,12.08,95.04%,2.5
2022-08-11 00:00:00,0.1583,931.071,12.08,95.04%,2.5
2022-08-11 00:00:00,0.1583,931.071,12.08,95.04%,2.5
2022-08-11 00:00:00,0.1583,931.071,12.08,95.04%,2.5
2022-08-11 00:00:00,0.1583,931.071,12.08,95.04%,2.5
2022-08-11 00:00:00,0.1583,931.071,12.08,95.04%,2.5
2022-08-11 00:00:00,0.1583,931.071,12.08,95.04%,2.5
2022-08-11 00:00:00,0.1583,931.071,12.08,95.04%,2.5
2022-08-11 00:00:00,0.1583,931.071,12.08,95.04%,2.5
2022-08-11 00:00:00,0.1583,931.071,12.08,95.04%,2.5
2022-08-11 00:00:00,0.1583,931.071,12.08,95.04%,2.5
2022-08-11 00:00:00,0.1583,931.071,12.08,95.04%,2.5
2022-08-11 00:00:00,0.1583,931.071,12.08,95.04%,2.5
2022-08-11 00:00:00,0.1583,931.071,12.08,95.04%,2.5
2022-08-11 00:00:00,0.1583,931.071,12.08,95.04%,2.5
2022-08-11 00:00:00,0.1583,931.071,12.08,95.04%,2.5
2022-08-11 00:00:00,0.1583,931.071,12.08,95.04%,2.5
2022-08-11 00:00:00,0.1583,931.071,12.08,95.04%,2.5
2022-08-11 00:00:00,0.1583,931.071,12.08,95.04%,2.5
2022-08-11 00:00:00,0.1583,931.071,12.08,95.04%,2.5
2022-08-11 00:00:00,0.1583,931.071,12.08,95.04%,2.5
2022-08-11 00:00:00,0.1583,931.071,12.08,95.04%,2.5
2022-08-11 00:00:00,0.1583,931.071,12.08,95.04%,2.5
2022-08-11 00:00:00,0.1583,931.071,12.08,95.04%,2.5
2022-08-11 00:00:00,0.1583,931.071,12.08,95.04%,2.5
2022-08-11 00:00:00,0.1583,931.071,12.08,95.04%,2.5
2022-08-11 00:00:00,0.1583,931.071,12.08,95.04%,2.5
2022-08-11 00:00:00,0.1583,931.071,12.08,95.04%,2.5
2022-08-11 00:00:00,0.1583,931.071,12.08,95.04%,2.5
2022-08-11 00:00:00,0.1583,931.071,12.08,95.04%,2.5
2022-08-11 00:00:00,0.1583,931.071,12.08,95.04%,2.5
2022-08-11 00:00:00,0.1583,931.071,12.08,95.04%,2.5
2022-08-11 00:00:00,0.1583,931.071,12.08,95.04%,2.5
2022-08-11 00:00:00,0.1583,931.071,12.08,95.04%,2.5
2022-08-11 00:00:00,0.1583,931.071,12.08,95.04%,2.5
2022-08-11 00:00:00,0.1583,931.071,12.08,95.04%,2.5
2022-08-18 00:00:00,0.0083,924.221,20.95,57.08%,2.5
2022-08-18 00:00:00,0.0083,924.221,20.95,57.08%,2.5
2022-08-18 00:00:00,0.0083,924.221,20.95,57.08%,2.5
2022-08-18 00:00:00,0.0083,924.221,20.95,57.08%,2.5
2022-08-18 00:00:00,0.0083,924.221,20.95,57.08%,2.5
2022-08-18 00:00:00,0.0083,924.221,20.95,57.08%,2.5
2022-08-18 00:00:00,0.0083,924.221,20.95,57.08%,2.5
2022-08-18 00:00:00,0.0083,924.221,20.95,57.08%,2.5
2022-08-18 00:00:00,0.0083,924.221,20.95,57.08%,2.5
2022-08-18 00:00:00,0.0083,924.221,20.95,57.08%,2.5
2022-08-18 00:00:00,0.0083,924.221,20.95,57.08%,2.5
2022-08-18 00:00:00,0.0083,924.221,20.95,57.08%,2.5
2022-08-18 00:00:00,0.0083,924.221,20.95,57.08%,2.5
2022-08-18 00:00:00,0.0083,924.221,20.95,57.08%,2.5
2022-08-18 00:00:00,0.0083,924.221,20.95,57.08%,2.5
2022-08-18 00:00:00,0.0083,924.221,20.95,57.08%,2.5
2022-08-18 00:00:00,0.0083,924.221,20.95,57.08%,2.5
2022-08-18 00:00:00,0.0083,924.221,20.95,57.08%,2.5
2022-08-18 00:00:00,0.0083,924.221,20.95,57.08%,2.5
2022-08-18 00:00:00,0.0083,924.221,20.95,57.08%,2.5
2022-08-18 00:00:00,0.0083,924.221,20.95,57.08%,2.5
2022-08-18 00:00:00,0.0083,924.221,20.95,57.08%,2.5
2022-08-18 00:00:00,0.0083,924.221,20.95,57.08%,2.5
2022-08-18 00:00:00,0.0083,924.221,20.95,57.08%,2.5
2022-08-18 00:00:00,0.0083,924.221,20.95,57.08%,2.5
2022-08-18 00:00:00,0.0083,924.221,20.95,57.08%,2.5
2022-08-18 00:00:00,0.0083,924.221,20.95,57.08%,2.5
2022-08-18 00:00:00,0.0083,924.221,20.95,57.08%,2.5
2022-08-18 00:00:00,0.0083,924.221,20.95,57.08%,2.5
2022-08-18 00:00:00,0.0083,924.221,20.95,57.08%,2.5
2022-08-18 00:00:00,0.0083,924.221,20.95,57.08%,2.5
2022-08-18 00:00:00,0.0083,924.221,20.95,57.08%,2.5
2022-08-18 00:00:00,0.0083,924.221,20.95,57.08%,2.5
2022-08-18 00:00:00,0.0083,924.221,20.95,57.08%,2.5
2022-08-18 00:00:00,0.0083,924.221,20.95,57.08%,2.5
2022-08-18 00:00:00,0.0083,924.221,20.95,57.08%,2.5
2022-08-18 00:00:00,0.0083,924.221,20.95,57.08%,2.5
2022-08-18 00:00:00,0.0083,924.221,20.95,57.08%,2.5
2022-09-08 00:00:00,0.0083,927.071,19.96,66.71%,1.75
2022-09-08 00:00:00,0.0083,927.071,19.96,66.71%,1.75
2022-09-08 00:00:00,0.0083,927.071,19.96,66.71%,1.75
2022-09-08 00:00:00,0.0083,927.071,19.96,66.71%,1.75
2022-09-08 00:00:00,0.0083,927.071,19.96,66.71%,1.75
2022-09-08 00:00:00,0.0083,927.071,19.96,66.71%,1.75
2022-09-08 00:00:00,0.0083,927.071,19.96,66.71%,1.75
2022-09-08 00:00:00,0.0083,927.071,19.96,66.71%,1.75
2022-09-08 00:00:00,0.0083,927.071,19.96,66.71%,1.75
2022-09-08 00:00:00,0.0083,927.071,19.96,66.71%,1.75
2022-09-08 00:00:00,0.0083,927.071,19.96,66.71%,1.75
2022-09-08 00:00:00,0.0083,927.071,19.96,66.71%,1.75
2022-09-08 00:00:00,0.0083,927.071,19.96,66.71%,1.75
2022-09-08 00:00:00,0.0083,927.071,19.96,66.71%,1.75
2022-09-08 00:00:00,0.0083,927.071,19.96,66.71%,1.75
2022-09-08 00:00:00,0.0083,927.071,19.96,66.71%,1.75
2022-09-08 00:00:00,0.0083,927.071,19.96,66.71%,1.75
2022-09-08 00:00:00,0.0083,927.071,19.96,66.71%,1.75
2022-09-08 00:00:00,0.0083,927.071,19.96,66.71%,1.75
2022-09-08 00:00:00,0.0083,927.071,19.96,66.71%,1.75
2022-09-08 00:00:00,0.0083,927.071,19.96,66.71%,1.75
2022-09-08 00:00:00,0.0083,927.071,19.96,66.71%,1.75
2022-09-08 00:00:00,0.0083,927.071,19.96,66.71%,1.75
2022-09-08 00:00:00,0.0083,927.071,19.96,66.71%,1.75
2022-09-08 00:00:00,0.0083,927.071,19.96,66.71%,1.75
2022-09-08 00:00:00,0.0083,927.071,19.96,66.71%,1.75
2022-09-08 00:00:00,0.0083,927.071,19.96,66.71%,1.75
2022-09-08 00:00:00,0.0083,927.071,19.96,66.71%,1.75
2022-09-08 00:00:00,0.0083,927.071,19.96,66.71%,1.75
2022-09-08 00:00:00,0.0083,927.071,19.96,66.71%,1.75
2022-09-08 00:00:00,0.0083,927.071,19.96,66.71%,1.75
2022-09-08 00:00:00,0.0083,927.071,19.96,66.71%,1.75
2022-09-08 00:00:00,0.0083,927.071,19.96,66.71%,1.75
2022-09-08 00:00:00,0.0083,927.071,19.96,66.71%,1.75
2022-09-08 00:00:00,0.0083,927.071,19.96,66.71%,1.75
2022-09-08 00:00:00,0.0083,927.071,19.96,66.71%,1.75
2022-09-08 00:00:00,0.0083,927.071,19.96,66.71%,1.75
2022-09-08 00:00:00,0.0083,927.071,19.96,66.71%,1.75
2022-09-15 00:00:00,0.1417,930.712,14.05,99.29%,2.11
2022-09-15 00:00:00,0.1417,930.712,14.05,99.29%,2.11
2022-09-15 00:00:00,0.1417,930.712,14.05,99.29%,2.11
2022-09-15 00:00:00,0.1417,930.712,14.05,99.29%,2.11
2022-09-15 00:00:00,0.1417,930.712,14.05,99.29%,2.11
2022-09-15 00:00:00,0.1417,930.712,14.05,99.29%,2.11
2022-09-15 00:00:00,0.1417,930.712,14.05,99.29%,2.11
2022-09-15 00:00:00,0.1417,930.712,14.05,99.29%,2.11
2022-09-15 00:00:00,0.1417,930.712,14.05,99.29%,2.11
2022-09-15 00:00:00,0.1417,930.712,14.05,99.29%,2.11
2022-09-15 00:00:00,0.1417,930.712,14.05,99.29%,2.11
2022-09-15 00:00:00,0.1417,930.712,14.05,99.29%,2.11
2022-09-15 00:00:00,0.1417,930.712,14.05,99.29%,2.11
2022-09-15 00:00:00,0.1417,930.712,14.05,99.29%,2.11
2022-09-15 00:00:00,0.1417,930.712,14.05,99.29%,2.11
2022-09-15 00:00:00,0.1417,930.712,14.05,99.29%,2.11
2022-09-15 00:00:00,0.1417,930.712,14.05,99.29%,2.11
2022-09-15 00:00:00,0.1417,930.712,14.05,99.29%,2.11
2022-09-15 00:00:00,0.1417,930.712,14.05,99.29%,2.11
2022-09-15 00:00:00,0.1417,930.712,14.05,99.29%,2.11
2022-09-15 00:00:00,0.1417,930.712,14.05,99.29%,2.11
2022-09-15 00:00:00,0.1417,930.712,14.05,99.29%,2.11
2022-09-15 00:00:00,0.1417,930.712,14.05,99.29%,2.11
2022-09-15 00:00:00,0.1417,930.712,14.05,99.29%,2.11
2022-09-15 00:00:00,0.1417,930.712,14.05,99.29%,2.11
2022-09-15 00:00:00,0.1417,930.712,14.05,99.29%,2.11
2022-09-15 00:00:00,0.1417,930.712,14.05,99.29%,2.11
2022-09-15 00:00:00,0.1417,930.712,14.05,99.29%,2.11
2022-09-15 00:00:00,0.1417,930.712,14.05,99.29%,2.11
2022-09-15 00:00:00,0.1417,930.712,14.05,99.29%,2.11
2022-09-15 00:00:00,0.1417,930.712,14.05,99.29%,2.11
2022-09-15 00:00:00,0.1417,930.712,14.05,99.29%,2.11
2022-09-15 00:00:00,0.1417,930.712,14.05,99.29%,2.11
2022-09-15 00:00:00,0.1417,930.712,14.05,99.29%,2.11
2022-09-15 00:00:00,0.1417,930.712,14.05,99.29%,2.11
2022-09-15 00:00:00,0.1417,930.712,14.05,99.29%,2.11
2022-09-15 00:00:00,0.1417,930.712,14.05,99.29%,2.11
2022-09-15 00:00:00,0.1417,930.712,14.05,99.29%,2.11
2022-09-22 00:00:00,0.125,922.646,18.71,87.83%,2.0
2022-09-22 00:00:00,0.125,922.646,18.71,87.83%,2.0
2022-09-22 00:00:00,0.125,922.646,18.71,87.83%,2.0
2022-09-22 00:00:00,0.125,922.646,18.71,87.83%,2.0
2022-09-22 00:00:00,0.125,922.646,18.71,87.83%,2.0
2022-09-22 00:00:00,0.125,922.646,18.71,87.83%,2.0
2022-09-22 00:00:00,0.125,922.646,18.71,87.83%,2.0
2022-09-22 00:00:00,0.125,922.646,18.71,87.83%,2.0
2022-09-22 00:00:00,0.125,922.646,18.71,87.83%,2.0
2022-09-22 00:00:00,0.125,922.646,18.71,87.83%,2.0
2022-09-22 00:00:00,0.125,922.646,18.71,87.83%,2.0
2022-09-22 00:00:00,0.125,922.646,18.71,87.83%,2.0
2022-09-22 00:00:00,0.125,922.646,18.71,87.83%,2.0
2022-09-22 00:00:00,0.125,922.646,18.71,87.83%,2.0
2022-09-22 00:00:00,0.125,922.646,18.71,87.83%,2.0
2022-09-22 00:00:00,0.125,922.646,18.71,87.83%,2.0
2022-09-22 00:00:00,0.125,922.646,18.71,87.83%,2.0
2022-09-22 00:00:00,0.125,922.646,18.71,87.83%,2.0
2022-09-22 00:00:00,0.125,922.646,18.71,87.83%,2.0
2022-09-22 00:00:00,0.125,922.646,18.71,87.83%,2.0
2022-09-22 00:00:00,0.125,922.646,18.71,87.83%,2.0
2022-09-22 00:00:00,0.125,922.646,18.71,87.83%,2.0
2022-09-22 00:00:00,0.125,922.646,18.71,87.83%,2.0
2022-09-22 00:00:00,0.125,922.646,18.71,87.83%,2.0
2022-09-22 00:00:00,0.125,922.646,18.71,87.83%,2.0
2022-09-22 00:00:00,0.125,922.646,18.71,87.83%,2.0
2022-09-22 00:00:00,0.125,922.646,18.71,87.83%,2.0
2022-09-22 00:00:00,0.125,922.646,18.71,87.83%,2.0
2022-09-22 00:00:00,0.125,922.646,18.71,87.83%,2.0
2022-09-22 00:00:00,0.125,922.646,18.71,87.83%,2.0
2022-09-22 00:00:00,0.125,922.646,18.71,87.83%,2.0
2022-09-22 00:00:00,0.125,922.646,18.71,87.83%,2.0
2022-09-22 00:00:00,0.125,922.646,18.71,87.83%,2.0
2022-09-22 00:00:00,0.125,922.646,18.71,87.83%,2.0
2022-09-22 00:00:00,0.125,922.646,18.71,87.83%,2.0
2022-09-22 00:00:00,0.125,922.646,18.71,87.83%,2.0
2022-09-22 00:00:00,0.125,922.646,18.71,87.83%,2.0
2022-09-22 00:00:00,0.125,922.646,18.71,87.83%,2.0
2022-09-29 00:00:00,0.2083,932.146,13.05,100.0%,3.26
2022-09-29 00:00:00,0.2083,932.146,13.05,100.0%,3.26
2022-09-29 00:00:00,0.2083,932.146,13.05,100.0%,3.26
2022-09-29 00:00:00,0.2083,932.146,13.05,100.0%,3.26
2022-09-29 00:00:00,0.2083,932.146,13.05,100.0%,3.26
2022-09-29 00:00:00,0.2083,932.146,13.05,100.0%,3.26
2022-09-29 00:00:00,0.2083,932.146,13.05,100.0%,3.26
2022-09-29 00:00:00,0.2083,932.146,13.05,100.0%,3.26
2022-09-29 00:00:00,0.2083,932.146,13.05,100.0%,3.26
2022-09-29 00:00:00,0.2083,932.146,13.05,100.0%,3.26
2022-09-29 00:00:00,0.2083,932.146,13.05,100.0%,3.26
2022-09-29 00:00:00,0.2083,932.146,13.05,100.0%,3.26
2022-09-29 00:00:00,0.2083,932.146,13.05,100.0%,3.26
2022-09-29 00:00:00,0.2083,932.146,13.05,100.0%,3.26
2022-09-29 00:00:00,0.2083,932.146,13.05,100.0%,3.26
2022-09-29 00:00:00,0.2083,932.146,13.05,100.0%,3.26
2022-09-29 00:00:00,0.2083,932.146,13.05,100.0%,3.26
2022-09-29 00:00:00,0.2083,932.146,13.05,100.0%,3.26
2022-09-29 00:00:00,0.2083,932.146,13.05,100.0%,3.26
2022-09-29 00:00:00,0.2083,932.146,13.05,100.0%,3.26
2022-09-29 00:00:00,0.2083,932.146,13.05,100.0%,3.26
2022-09-29 00:00:00,0.2083,932.146,13.05,100.0%,3.26
2022-09-29 00:00:00,0.2083,932.146,13.05,100.0%,3.26
2022-09-29 00:00:00,0.2083,932.146,13.05,100.0%,3.26
2022-09-29 00:00:00,0.2083,932.146,13.05,100.0%,3.26
2022-09-29 00:00:00,0.2083,932.146,13.05,100.0%,3.26
2022-09-29 00:00:00,0.2083,932.146,13.05,100.0%,3.26
2022-09-29 00:00:00,0.2083,932.146,13.05,100.0%,3.26
2022-09-29 00:00:00,0.2083,932.146,13.05,100.0%,3.26
2022-09-29 00:00:00,0.2083,932.146,13.05,100.0%,3.26
2022-09-29 00:00:00,0.2083,932.146,13.05,100.0%,3.26
2022-09-29 00:00:00,0.2083,932.146,13.05,100.0%,3.26
2022-09-29 00:00:00,0.2083,932.146,13.05,100.0%,3.26
2022-09-29 00:00:00,0.2083,932.146,13.05,100.0%,3.26
2022-09-29 00:00:00,0.2083,932.146,13.05,100.0%,3.26
2022-09-29 00:00:00,0.2083,932.146,13.05,100.0%,3.26
2022-09-29 00:00:00,0.2083,932.146,13.05,100.0%,3.26
2022-09-29 00:00:00,0.2083,932.146,13.05,100.0%,3.26
2022-09-29 00:00:00,0.2083,932.146,13.05,100.0%,3.26
2022-10-06 00:00:00,0.0,924.754,21.71,75.92%,2.2
2022-10-06 00:00:00,0.0,924.754,21.71,75.92%,2.2
2022-10-06 00:00:00,0.0,924.754,21.71,75.92%,2.2
2022-10-06 00:00:00,0.0,924.754,21.71,75.92%,2.2
2022-10-06 00:00:00,0.0,924.754,21.71,75.92%,2.2
2022-10-06 00:00:00,0.0,924.754,21.71,75.92%,2.2
2022-10-06 00:00:00,0.0,924.754,21.71,75.92%,2.2
2022-10-06 00:00:00,0.0,924.754,21.71,75.92%,2.2
2022-10-06 00:00:00,0.0,924.754,21.71,75.92%,2.2
2022-10-06 00:00:00,0.0,924.754,21.71,75.92%,2.2
2022-10-06 00:00:00,0.0,924.754,21.71,75.92%,2.2
2022-10-06 00:00:00,0.0,924.754,21.71,75.92%,2.2
2022-10-06 00:00:00,0.0,924.754,21.71,75.92%,2.2
2022-10-06 00:00:00,0.0,924.754,21.71,75.92%,2.2
2022-10-06 00:00:00,0.0,924.754,21.71,75.92%,2.2
2022-10-06 00:00:00,0.0,924.754,21.71,75.92%,2.2
2022-10-06 00:00:00,0.0,924.754,21.71,75.92%,2.2
2022-10-06 00:00:00,0.0,924.754,21.71,75.92%,2.2
2022-10-06 00:00:00,0.0,924.754,21.71,75.92%,2.2
2022-10-06 00:00:00,0.0,924.754,21.71,75.92%,2.2
2022-10-06 00:00:00,0.0,924.754,21.71,75.92%,2.2
2022-10-06 00:00:00,0.0,924.754,21.71,75.92%,2.2
2022-10-06 00:00:00,0.0,924.754,21.71,75.92%,2.2
2022-10-06 00:00:00,0.0,924.754,21.71,75.92%,2.2
2022-10-06 00:00:00,0.0,924.754,21.71,75.92%,2.2
2022-10-06 00:00:00,0.0,924.754,21.71,75.92%,2.2
2022-10-06 00:00:00,0.0,924.754,21.71,75.92%,2.2
2022-10-06 00:00:00,0.0,924.754,21.71,75.92%,2.2
2022-10-06 00:00:00,0.0,924.754,21.71,75.92%,2.2
2022-10-06 00:00:00,0.0,924.754,21.71,75.92%,2.2
2022-10-06 00:00:00,0.0,924.754,21.71,75.92%,2.2
2022-10-06 00:00:00,0.0,924.754,21.71,75.92%,2.2
2022-10-06 00:00:00,0.0,924.754,21.71,75.92%,2.2
2022-10-06 00:00:00,0.0,924.754,21.71,75.92%,2.2
2022-10-06 00:00:00,0.0,924.754,21.71,75.92%,2.2
2022-10-06 00:00:00,0.0,924.754,21.71,75.92%,2.2
2022-10-06 00:00:00,0.0,924.754,21.71,75.92%,2.2
2022-10-06 00:00:00,0.0,924.754,21.71,75.92%,2.2
2022-10-06 00:00:00,0.0,924.754,21.71,75.92%,2.2
2022-10-13 00:00:00,0.0,929.283,21.05,77.04%,2.02
2022-10-13 00:00:00,0.0,929.283,21.05,77.04%,2.02
2022-10-13 00:00:00,0.0,929.283,21.05,77.04%,2.02
2022-10-13 00:00:00,0.0,929.283,21.05,77.04%,2.02
2022-10-13 00:00:00,0.0,929.283,21.05,77.04%,2.02
2022-10-13 00:00:00,0.0,929.283,21.05,77.04%,2.02
2022-10-13 00:00:00,0.0,929.283,21.05,77.04%,2.02
2022-10-13 00:00:00,0.0,929.283,21.05,77.04%,2.02
2022-10-13 00:00:00,0.0,929.283,21.05,77.04%,2.02
2022-10-13 00:00:00,0.0,929.283,21.05,77.04%,2.02
2022-10-13 00:00:00,0.0,929.283,21.05,77.04%,2.02
2022-10-13 00:00:00,0.0,929.283,21.05,77.04%,2.02
2022-10-13 00:00:00,0.0,929.283,21.05,77.04%,2.02
2022-10-13 00:00:00,0.0,929.283,21.05,77.04%,2.02
2022-10-13 00:00:00,0.0,929.283,21.05,77.04%,2.02
2022-10-13 00:00:00,0.0,929.283,21.05,77.04%,2.02
2022-10-13 00:00:00,0.0,929.283,21.05,77.04%,2.02
2022-10-13 00:00:00,0.0,929.283,21.05,77.04%,2.02
2022-10-13 00:00:00,0.0,929.283,21.05,77.04%,2.02
2022-10-13 00:00:00,0.0,929.283,21.05,77.04%,2.02
2022-10-13 00:00:00,0.0,929.283,21.05,77.04%,2.02
2022-10-13 00:00:00,0.0,929.283,21.05,77.04%,2.02
2022-10-13 00:00:00,0.0,929.283,21.05,77.04%,2.02
2022-10-13 00:00:00,0.0,929.283,21.05,77.04%,2.02
2022-10-13 00:00:00,0.0,929.283,21.05,77.04%,2.02
2022-10-13 00:00:00,0.0,929.283,21.05,77.04%,2.02
2022-10-13 00:00:00,0.0,929.283,21.05,77.04%,2.02
2022-10-13 00:00:00,0.0,929.283,21.05,77.04%,2.02
2022-10-13 00:00:00,0.0,929.283,21.05,77.04%,2.02
2022-10-13 00:00:00,0.0,929.283,21.05,77.04%,2.02
2022-10-13 00:00:00,0.0,929.283,21.05,77.04%,2.02
2022-10-13 00:00:00,0.0,929.283,21.05,77.04%,2.02
2022-10-13 00:00:00,0.0,929.283,21.05,77.04%,2.02
2022-10-13 00:00:00,0.0,929.283,21.05,77.04%,2.02
2022-10-13 00:00:00,0.0,929.283,21.05,77.04%,2.02
2022-10-13 00:00:00,0.0,929.283,21.05,77.04%,2.02
2022-10-13 00:00:00,0.0,929.283,21.05,77.04%,2.02
2022-10-13 00:00:00,0.0,929.283,21.05,77.04%,2.02
2022-10-13 00:00:00,0.0,929.283,21.05,77.04%,2.02
2022-10-20 00:00:00,0.0083,925.475,20.72,85.25%,1.61
2022-10-20 00:00:00,0.0083,925.475,20.72,85.25%,1.61
2022-10-20 00:00:00,0.0083,925.475,20.72,85.25%,1.61
2022-10-20 00:00:00,0.0083,925.475,20.72,85.25%,1.61
2022-10-20 00:00:00,0.0083,925.475,20.72,85.25%,1.61
2022-10-20 00:00:00,0.0083,925.475,20.72,85.25%,1.61
2022-10-20 00:00:00,0.0083,925.475,20.72,85.25%,1.61
2022-10-20 00:00:00,0.0083,925.475,20.72,85.25%,1.61
2022-10-20 00:00:00,0.0083,925.475,20.72,85.25%,1.61
2022-10-20 00:00:00,0.0083,925.475,20.72,85.25%,1.61
2022-10-20 00:00:00,0.0083,925.475,20.72,85.25%,1.61
2022-10-20 00:00:00,0.0083,925.475,20.72,85.25%,1.61
2022-10-20 00:00:00,0.0083,925.475,20.72,85.25%,1.61
2022-10-20 00:00:00,0.0083,925.475,20.72,85.25%,1.61
2022-10-20 00:00:00,0.0083,925.475,20.72,85.25%,1.61
2022-10-20 00:00:00,0.0083,925.475,20.72,85.25%,1.61
2022-10-20 00:00:00,0.0083,925.475,20.72,85.25%,1.61
2022-10-20 00:00:00,0.0083,925.475,20.72,85.25%,1.61
2022-10-20 00:00:00,0.0083,925.475,20.72,85.25%,1.61
2022-10-20 00:00:00,0.0083,925.475,20.72,85.25%,1.61
2022-10-20 00:00:00,0.0083,925.475,20.72,85.25%,1.61
2022-10-20 00:00:00,0.0083,925.475,20.72,85.25%,1.61
2022-10-20 00:00:00,0.0083,925.475,20.72,85.25%,1.61
2022-10-20 00:00:00,0.0083,925.475,20.72,85.25%,1.61
2022-10-20 00:00:00,0.0083,925.475,20.72,85.25%,1.61
2022-10-20 00:00:00,0.0083,925.475,20.72,85.25%,1.61
2022-10-20 00:00:00,0.0083,925.475,20.72,85.25%,1.61
2022-10-20 00:00:00,0.0083,925.475,20.72,85.25%,1.61
2022-10-20 00:00:00,0.0083,925.475,20.72,85.25%,1.61
2022-10-20 00:00:00,0.0083,925.475,20.72,85.25%,1.61
2022-10-20 00:00:00,0.0083,925.475,20.72,85.25%,1.61
2022-10-20 00:00:00,0.0083,925.475,20.72,85.25%,1.61
2022-10-20 00:00:00,0.0083,925.475,20.72,85.25%,1.61
2022-10-20 00:00:00,0.0083,925.475,20.72,85.25%,1.61
2022-10-20 00:00:00,0.0083,925.475,20.72,85.25%,1.61
2022-10-20 00:00:00,0.0083,925.475,20.72,85.25%,1.61
2022-10-20 00:00:00,0.0083,925.475,20.72,85.25%,1.61
2022-10-20 00:00:00,0.0083,925.475,20.72,85.25%,1.61
2022-10-20 00:00:00,0.0083,925.475,20.72,85.25%,1.61
2022-11-03 00:00:00,0.175,933.8,13.1,90.79%,3.9
2022-11-03 00:00:00,0.175,933.8,13.1,90.79%,3.9
2022-11-03 00:00:00,0.175,933.8,13.1,90.79%,3.9
2022-11-03 00:00:00,0.175,933.8,13.1,90.79%,3.9
2022-11-03 00:00:00,0.175,933.8,13.1,90.79%,3.9
2022-11-03 00:00:00,0.175,933.8,13.1,90.79%,3.9
2022-11-03 00:00:00,0.175,933.8,13.1,90.79%,3.9
2022-11-03 00:00:00,0.175,933.8,13.1,90.79%,3.9
2022-11-03 00:00:00,0.175,933.8,13.1,90.79%,3.9
2022-11-03 00:00:00,0.175,933.8,13.1,90.79%,3.9
2022-11-03 00:00:00,0.175,933.8,13.1,90.79%,3.9
2022-11-03 00:00:00,0.175,933.8,13.1,90.79%,3.9
2022-11-03 00:00:00,0.175,933.8,13.1,90.79%,3.9
2022-11-03 00:00:00,0.175,933.8,13.1,90.79%,3.9
2022-11-03 00:00:00,0.175,933.8,13.1,90.79%,3.9
2022-11-03 00:00:00,0.175,933.8,13.1,90.79%,3.9
2022-11-03 00:00:00,0.175,933.8,13.1,90.79%,3.9
2022-11-03 00:00:00,0.175,933.8,13.1,90.79%,3.9
2022-11-03 00:00:00,0.175,933.8,13.1,90.79%,3.9
2022-11-03 00:00:00,0.175,933.8,13.1,90.79%,3.9
2022-11-03 00:00:00,0.175,933.8,13.1,90.79%,3.9
2022-11-03 00:00:00,0.175,933.8,13.1,90.79%,3.9
2022-11-03 00:00:00,0.175,933.8,13.1,90.79%,3.9
2022-11-03 00:00:00,0.175,933.8,13.1,90.79%,3.9
2022-11-03 00:00:00,0.175,933.8,13.1,90.79%,3.9
2022-11-03 00:00:00,0.175,933.8,13.1,90.79%,3.9
2022-11-03 00:00:00,0.175,933.8,13.1,90.79%,3.9
2022-11-03 00:00:00,0.175,933.8,13.1,90.79%,3.9
2022-11-03 00:00:00,0.175,933.8,13.1,90.79%,3.9
2022-11-03 00:00:00,0.175,933.8,13.1,90.79%,3.9
2022-11-03 00:00:00,0.175,933.8,13.1,90.79%,3.9
2022-11-03 00:00:00,0.175,933.8,13.1,90.79%,3.9
2022-11-03 00:00:00,0.175,933.8,13.1,90.79%,3.9
2022-11-03 00:00:00,0.175,933.8,13.1,90.79%,3.9
2022-11-03 00:00:00,0.175,933.8,13.1,90.79%,3.9
2022-11-03 00:00:00,0.175,933.8,13.1,90.79%,3.9
2022-11-03 00:00:00,0.175,933.8,13.1,90.79%,3.9
2022-11-03 00:00:00,0.175,933.8,13.1,90.79%,3.9
2022-11-03 00:00:00,0.175,933.8,13.1,90.79%,3.9
2022-11-10 00:00:00,0.0,927.521,17.89,91.63%,2.0
2022-11-10 00:00:00,0.0,927.521,17.89,91.63%,2.0
2022-11-10 00:00:00,0.0,927.521,17.89,91.63%,2.0
2022-11-10 00:00:00,0.0,927.521,17.89,91.63%,2.0
2022-11-10 00:00:00,0.0,927.521,17.89,91.63%,2.0
2022-11-10 00:00:00,0.0,927.521,17.89,91.63%,2.0
2022-11-10 00:00:00,0.0,927.521,17.89,91.63%,2.0
2022-11-10 00:00:00,0.0,927.521,17.89,91.63%,2.0
2022-11-10 00:00:00,0.0,927.521,17.89,91.63%,2.0
2022-11-10 00:00:00,0.0,927.521,17.89,91.63%,2.0
2022-11-10 00:00:00,0.0,927.521,17.89,91.63%,2.0
2022-11-10 00:00:00,0.0,927.521,17.89,91.63%,2.0
2022-11-10 00:00:00,0.0,927.521,17.89,91.63%,2.0
2022-11-10 00:00:00,0.0,927.521,17.89,91.63%,2.0
2022-11-10 00:00:00,0.0,927.521,17.89,91.63%,2.0
2022-11-10 00:00:00,0.0,927.521,17.89,91.63%,2.0
2022-11-10 00:00:00,0.0,927.521,17.89,91.63%,2.0
2022-11-10 00:00:00,0.0,927.521,17.89,91.63%,2.0
2022-11-10 00:00:00,0.0,927.521,17.89,91.63%,2.0
2022-11-10 00:00:00,0.0,927.521,17.89,91.63%,2.0
2022-11-10 00:00:00,0.0,927.521,17.89,91.63%,2.0
2022-11-10 00:00:00,0.0,927.521,17.89,91.63%,2.0
2022-11-10 00:00:00,0.0,927.521,17.89,91.63%,2.0
2022-11-10 00:00:00,0.0,927.521,17.89,91.63%,2.0
2022-11-10 00:00:00,0.0,927.521,17.89,91.63%,2.0
2022-11-10 00:00:00,0.0,927.521,17.89,91.63%,2.0
2022-11-10 00:00:00,0.0,927.521,17.89,91.63%,2.0
2022-11-10 00:00:00,0.0,927.521,17.89,91.63%,2.0
2022-11-10 00:00:00,0.0,927.521,17.89,91.63%,2.0
2022-11-10 00:00:00,0.0,927.521,17.89,91.63%,2.0
2022-11-10 00:00:00,0.0,927.521,17.89,91.63%,2.0
2022-11-10 00:00:00,0.0,927.521,17.89,91.63%,2.0
2022-11-10 00:00:00,0.0,927.521,17.89,91.63%,2.0
2022-11-10 00:00:00,0.0,927.521,17.89,91.63%,2.0
2022-11-10 00:00:00,0.0,927.521,17.89,91.63%,2.0
2022-11-10 00:00:00,0.0,927.521,17.89,91.63%,2.0
2022-11-10 00:00:00,0.0,927.521,17.89,91.63%,2.0
2022-11-10 00:00:00,0.0,927.521,17.89,91.63%,2.0
2022-11-10 00:00:00,0.0,927.521,17.89,91.63%,2.0
2022-11-17 00:00:00,0.0,929.558,18.04,72.38%,2.76
2022-11-17 00:00:00,0.0,929.558,18.04,72.38%,2.76
2022-11-17 00:00:00,0.0,929.558,18.04,72.38%,2.76
2022-11-17 00:00:00,0.0,929.558,18.04,72.38%,2.76
2022-11-17 00:00:00,0.0,929.558,18.04,72.38%,2.76
2022-11-17 00:00:00,0.0,929.558,18.04,72.38%,2.76
2022-11-17 00:00:00,0.0,929.558,18.04,72.38%,2.76
2022-11-17 00:00:00,0.0,929.558,18.04,72.38%,2.76
2022-11-17 00:00:00,0.0,929.558,18.04,72.38%,2.76
2022-11-17 00:00:00,0.0,929.558,18.04,72.38%,2.76
2022-11-17 00:00:00,0.0,929.558,18.04,72.38%,2.76
2022-11-17 00:00:00,0.0,929.558,18.04,72.38%,2.76
2022-11-17 00:00:00,0.0,929.558,18.04,72.38%,2.76
2022-11-17 00:00:00,0.0,929.558,18.04,72.38%,2.76
2022-11-17 00:00:00,0.0,929.558,18.04,72.38%,2.76
2022-11-17 00:00:00,0.0,929.558,18.04,72.38%,2.76
2022-11-17 00:00:00,0.0,929.558,18.04,72.38%,2.76
2022-11-17 00:00:00,0.0,929.558,18.04,72.38%,2.76
2022-11-17 00:00:00,0.0,929.558,18.04,72.38%,2.76
2022-11-17 00:00:00,0.0,929.558,18.04,72.38%,2.76
2022-11-17 00:00:00,0.0,929.558,18.04,72.38%,2.76
2022-11-17 00:00:00,0.0,929.558,18.04,72.38%,2.76
2022-11-17 00:00:00,0.0,929.558,18.04,72.38%,2.76
2022-11-17 00:00:00,0.0,929.558,18.04,72.38%,2.76
2022-11-17 00:00:00,0.0,929.558,18.04,72.38%,2.76
2022-11-17 00:00:00,0.0,929.558,18.04,72.38%,2.76
2022-11-17 00:00:00,0.0,929.558,18.04,72.38%,2.76
2022-11-17 00:00:00,0.0,929.558,18.04,72.38%,2.76
2022-11-17 00:00:00,0.0,929.558,18.04,72.38%,2.76
2022-11-17 00:00:00,0.0,929.558,18.04,72.38%,2.76
2022-11-17 00:00:00,0.0,929.558,18.04,72.38%,2.76
2022-11-17 00:00:00,0.0,929.558,18.04,72.38%,2.76
2022-11-17 00:00:00,0.0,929.558,18.04,72.38%,2.76
2022-11-17 00:00:00,0.0,929.558,18.04,72.38%,2.76
2022-11-17 00:00:00,0.0,929.558,18.04,72.38%,2.76
2022-11-17 00:00:00,0.0,929.558,18.04,72.38%,2.76
2022-11-17 00:00:00,0.0,929.558,18.04,72.38%,2.76
2022-11-17 00:00:00,0.0,929.558,18.04,72.38%,2.76
2022-11-17 00:00:00,0.0,929.558,18.04,72.38%,2.76
2022-11-24 00:00:00,0.2333,924.496,18.89,90.67%,2.47
2022-11-24 00:00:00,0.2333,924.496,18.89,90.67%,2.47
2022-11-24 00:00:00,0.2333,924.496,18.89,90.67%,2.47
2022-11-24 00:00:00,0.2333,924.496,18.89,90.67%,2.47
2022-11-24 00:00:00,0.2333,924.496,18.89,90.67%,2.47
2022-11-24 00:00:00,0.2333,924.496,18.89,90.67%,2.47
2022-11-24 00:00:00,0.2333,924.496,18.89,90.67%,2.47
2022-11-24 00:00:00,0.2333,924.496,18.89,90.67%,2.47
2022-11-24 00:00:00,0.2333,924.496,18.89,90.67%,2.47
2022-11-24 00:00:00,0.2333,924.496,18.89,90.67%,2.47
2022-11-24 00:00:00,0.2333,924.496,18.89,90.67%,2.47
2022-11-24 00:00:00,0.2333,924.496,18.89,90.67%,2.47
2022-11-24 00:00:00,0.2333,924.496,18.89,90.67%,2.47
2022-11-24 00:00:00,0.2333,924.496,18.89,90.67%,2.47
2022-11-24 00:00:00,0.2333,924.496,18.89,90.67%,2.47
2022-11-24 00:00:00,0.2333,924.496,18.89,90.67%,2.47
2022-11-24 00:00:00,0.2333,924.496,18.89,90.67%,2.47
2022-11-24 00:00:00,0.2333,924.496,18.89,90.67%,2.47
2022-11-24 00:00:00,0.2333,924.496,18.89,90.67%,2.47
2022-11-24 00:00:00,0.2333,924.496,18.89,90.67%,2.47
2022-11-24 00:00:00,0.2333,924.496,18.89,90.67%,2.47
2022-11-24 00:00:00,0.2333,924.496,18.89,90.67%,2.47
2022-11-24 00:00:00,0.2333,924.496,18.89,90.67%,2.47
2022-11-24 00:00:00,0.2333,924.496,18.89,90.67%,2.47
2022-11-24 00:00:00,0.2333,924.496,18.89,90.67%,2.47
2022-11-24 00:00:00,0.2333,924.496,18.89,90.67%,2.47
2022-11-24 00:00:00,0.2333,924.496,18.89,90.67%,2.47
2022-11-24 00:00:00,0.2333,924.496,18.89,90.67%,2.47
2022-11-24 00:00:00,0.2333,924.496,18.89,90.67%,2.47
2022-11-24 00:00:00,0.2333,924.496,18.89,90.67%,2.47
2022-11-24 00:00:00,0.2333,924.496,18.89,90.67%,2.47
2022-11-24 00:00:00,0.2333,924.496,18.89,90.67%,2.47
2022-11-24 00:00:00,0.2333,924.496,18.89,90.67%,2.47
2022-11-24 00:00:00,0.2333,924.496,18.89,90.67%,2.47
2022-11-24 00:00:00,0.2333,924.496,18.89,90.67%,2.47
2022-11-24 00:00:00,0.2333,924.496,18.89,90.67%,2.47
2022-11-24 00:00:00,0.2333,924.496,18.89,90.67%,2.47
2022-11-24 00:00:00,0.2333,924.496,18.89,90.67%,2.47
2022-11-24 00:00:00,0.2333,924.496,18.89,90.67%,2.47
2022-12-01 00:00:00,0.0917,921.025,22.02,81.92%,1.77
2022-12-01 00:00:00,0.0917,921.025,22.02,81.92%,1.77
2022-12-01 00:00:00,0.0917,921.025,22.02,81.92%,1.77
2022-12-01 00:00:00,0.0917,921.025,22.02,81.92%,1.77
2022-12-01 00:00:00,0.0917,921.025,22.02,81.92%,1.77
2022-12-01 00:00:00,0.0917,921.025,22.02,81.92%,1.77
2022-12-01 00:00:00,0.0917,921.025,22.02,81.92%,1.77
2022-12-01 00:00:00,0.0917,921.025,22.02,81.92%,1.77
2022-12-01 00:00:00,0.0917,921.025,22.02,81.92%,1.77
2022-12-01 00:00:00,0.0917,921.025,22.02,81.92%,1.77
2022-12-01 00:00:00,0.0917,921.025,22.02,81.92%,1.77
2022-12-01 00:00:00,0.0917,921.025,22.02,81.92%,1.77
2022-12-01 00:00:00,0.0917,921.025,22.02,81.92%,1.77
2022-12-01 00:00:00,0.0917,921.025,22.02,81.92%,1.77
2022-12-01 00:00:00,0.0917,921.025,22.02,81.92%,1.77
2022-12-01 00:00:00,0.0917,921.025,22.02,81.92%,1.77
2022-12-01 00:00:00,0.0917,921.025,22.02,81.92%,1.77
2022-12-01 00:00:00,0.0917,921.025,22.02,81.92%,1.77
2022-12-01 00:00:00,0.0917,921.025,22.02,81.92%,1.77
2022-12-01 00:00:00,0.0917,921.025,22.02,81.92%,1.77
2022-12-01 00:00:00,0.0917,921.025,22.02,81.92%,1.77
2022-12-01 00:00:00,0.0917,921.025,22.02,81.92%,1.77
2022-12-01 00:00:00,0.0917,921.025,22.02,81.92%,1.77
2022-12-01 00:00:00,0.0917,921.025,22.02,81.92%,1.77
2022-12-01 00:00:00,0.0917,921.025,22.02,81.92%,1.77
2022-12-01 00:00:00,0.0917,921.025,22.02,81.92%,1.77
2022-12-01 00:00:00,0.0917,921.025,22.02,81.92%,1.77
2022-12-01 00:00:00,0.0917,921.025,22.02,81.92%,1.77
2022-12-01 00:00:00,0.0917,921.025,22.02,81.92%,1.77
2022-12-01 00:00:00,0.0917,921.025,22.02,81.92%,1.77
2022-12-01 00:00:00,0.0917,921.025,22.02,81.92%,1.77
2022-12-01 00:00:00,0.0917,921.025,22.02,81.92%,1.77
2022-12-01 00:00:00,0.0917,921.025,22.02,81.92%,1.77
2022-12-01 00:00:00,0.0917,921.025,22.02,81.92%,1.77
2022-12-01 00:00:00,0.0917,921.025,22.02,81.92%,1.77
2022-12-01 00:00:00,0.0917,921.025,22.02,81.92%,1.77
2022-12-01 00:00:00,0.0917,921.025,22.02,81.92%,1.77
2022-12-01 00:00:00,0.0917,921.025,22.02,81.92%,1.77
2022-12-01 00:00:00,0.0917,921.025,22.02,81.92%,1.77
2022-12-08 00:00:00,0.075,923.433,21.44,77.08%,1.54
2022-12-08 00:00:00,0.075,923.433,21.44,77.08%,1.54
2022-12-08 00:00:00,0.075,923.433,21.44,77.08%,1.54
2022-12-08 00:00:00,0.075,923.433,21.44,77.08%,1.54
2022-12-08 00:00:00,0.075,923.433,21.44,77.08%,1.54
2022-12-08 00:00:00,0.075,923.433,21.44,77.08%,1.54
2022-12-08 00:00:00,0.075,923.433,21.44,77.08%,1.54
2022-12-08 00:00:00,0.075,923.433,21.44,77.08%,1.54
2022-12-08 00:00:00,0.075,923.433,21.44,77.08%,1.54
2022-12-08 00:00:00,0.075,923.433,21.44,77.08%,1.54
2022-12-08 00:00:00,0.075,923.433,21.44,77.08%,1.54
2022-12-08 00:00:00,0.075,923.433,21.44,77.08%,1.54
2022-12-08 00:00:00,0.075,923.433,21.44,77.08%,1.54
2022-12-08 00:00:00,0.075,923.433,21.44,77.08%,1.54
2022-12-08 00:00:00,0.075,923.433,21.44,77.08%,1.54
2022-12-08 00:00:00,0.075,923.433,21.44,77.08%,1.54
2022-12-08 00:00:00,0.075,923.433,21.44,77.08%,1.54
2022-12-08 00:00:00,0.075,923.433,21.44,77.08%,1.54
2022-12-08 00:00:00,0.075,923.433,21.44,77.08%,1.54
2022-12-08 00:00:00,0.075,923.433,21.44,77.08%,1.54
2022-12-08 00:00:00,0.075,923.433,21.44,77.08%,1.54
2022-12-08 00:00:00,0.075,923.433,21.44,77.08%,1.54
2022-12-08 00:00:00,0.075,923.433,21.44,77.08%,1.54
2022-12-08 00:00:00,0.075,923.433,21.44,77.08%,1.54
2022-12-08 00:00:00,0.075,923.433,21.44,77.08%,1.54
2022-12-08 00:00:00,0.075,923.433,21.44,77.08%,1.54
2022-12-08 00:00:00,0.075,923.433,21.44,77.08%,1.54
2022-12-08 00:00:00,0.075,923.433,21.44,77.08%,1.54
2022-12-08 00:00:00,0.075,923.433,21.44,77.08%,1.54
2022-12-08 00:00:00,0.075,923.433,21.44,77.08%,1.54
2022-12-08 00:00:00,0.075,923.433,21.44,77.08%,1.54
2022-12-08 00:00:00,0.075,923.433,21.44,77.08%,1.54
2022-12-08 00:00:00,0.075,923.433,21.44,77.08%,1.54
2022-12-08 00:00:00,0.075,923.433,21.44,77.08%,1.54
2022-12-08 00:00:00,0.075,923.433,21.44,77.08%,1.54
2022-12-08 00:00:00,0.075,923.433,21.44,77.08%,1.54
2022-12-08 00:00:00,0.075,923.433,21.44,77.08%,1.54
2022-12-08 00:00:00,0.075,923.433,21.44,77.08%,1.54
2022-12-08 00:00:00,0.075,923.433,21.44,77.08%,1.54
2022-12-15 00:00:00,,925.154,19.26,81.46%,2.38
2022-12-15 00:00:00,,925.154,19.26,81.46%,2.38
2022-12-15 00:00:00,,925.154,19.26,81.46%,2.38
2022-12-15 00:00:00,,925.154,19.26,81.46%,2.38
2022-12-15 00:00:00,,925.154,19.26,81.46%,2.38
2022-12-15 00:00:00,,925.154,19.26,81.46%,2.38
2022-12-15 00:00:00,,925.154,19.26,81.46%,2.38
2022-12-15 00:00:00,,925.154,19.26,81.46%,2.38
2022-12-15 00:00:00,,925.154,19.26,81.46%,2.38
2022-12-15 00:00:00,,925.154,19.26,81.46%,2.38
2022-12-15 00:00:00,,925.154,19.26,81.46%,2.38
2022-12-15 00:00:00,,925.154,19.26,81.46%,2.38
2022-12-15 00:00:00,,925.154,19.26,81.46%,2.38
2022-12-15 00:00:00,,925.154,19.26,81.46%,2.38
2022-12-15 00:00:00,,925.154,19.26,81.46%,2.38
2022-12-15 00:00:00,,925.154,19.26,81.46%,2.38
2022-12-15 00:00:00,,925.154,19.26,81.46%,2.38
2022-12-15 00:00:00,,925.154,19.26,81.46%,2.38
2022-12-15 00:00:00,,925.154,19.26,81.46%,2.38
2022-12-15 00:00:00,,925.154,19.26,81.46%,2.38
2022-12-15 00:00:00,,925.154,19.26,81.46%,2.38
2022-12-15 00:00:00,,925.154,19.26,81.46%,2.38
2022-12-15 00:00:00,,925.154,19.26,81.46%,2.38
2022-12-15 00:00:00,,925.154,19.26,81.46%,2.38
2022-12-15 00:00:00,,925.154,19.26,81.46%,2.38
2022-12-15 00:00:00,,925.154,19.26,81.46%,2.38
2022-12-15 00:00:00,,925.154,19.26,81.46%,2.38
2022-12-15 00:00:00,,925.154,19.26,81.46%,2.38
2022-12-15 00:00:00,,925.154,19.26,81.46%,2.38
2022-12-15 00:00:00,,925.154,19.26,81.46%,2.38
2022-12-15 00:00:00,,925.154,19.26,81.46%,2.38
2022-12-15 00:00:00,,925.154,19.26,81.46%,2.38
2022-12-15 00:00:00,,925.154,19.26,81.46%,2.38
2022-12-15 00:00:00,,925.154,19.26,81.46%,2.38
2022-12-15 00:00:00,,925.154,19.26,81.46%,2.38
2022-12-15 00:00:00,,925.154,19.26,81.46%,2.38
2022-12-15 00:00:00,,925.154,19.26,81.46%,2.38
2022-12-15 00:00:00,,925.154,19.26,81.46%,2.38
2022-12-15 00:00:00,,925.154,19.26,81.46%,2.38
2022-12-22 00:00:00,,926.758,16.85,98.42%,3.51
2022-12-22 00:00:00,,926.758,16.85,98.42%,3.51
2022-12-22 00:00:00,,926.758,16.85,98.42%,3.51
2022-12-22 00:00:00,,926.758,16.85,98.42%,3.51
2022-12-22 00:00:00,,926.758,16.85,98.42%,3.51
2022-12-22 00:00:00,,926.758,16.85,98.42%,3.51
2022-12-22 00:00:00,,926.758,16.85,98.42%,3.51
2022-12-22 00:00:00,,926.758,16.85,98.42%,3.51
2022-12-22 00:00:00,,926.758,16.85,98.42%,3.51
2022-12-22 00:00:00,,926.758,16.85,98.42%,3.51
2022-12-22 00:00:00,,926.758,16.85,98.42%,3.51
2022-12-22 00:00:00,,926.758,16.85,98.42%,3.51
2022-12-22 00:00:00,,926.758,16.85,98.42%,3.51
2022-12-22 00:00:00,,926.758,16.85,98.42%,3.51
2022-12-22 00:00:00,,926.758,16.85,98.42%,3.51
2022-12-22 00:00:00,,926.758,16.85,98.42%,3.51
2022-12-22 00:00:00,,926.758,16.85,98.42%,3.51
2022-12-22 00:00:00,,926.758,16.85,98.42%,3.51
2022-12-22 00:00:00,,926.758,16.85,98.42%,3.51
2022-12-22 00:00:00,,926.758,16.85,98.42%,3.51
2022-12-22 00:00:00,,926.758,16.85,98.42%,3.51
2022-12-22 00:00:00,,926.758,16.85,98.42%,3.51
2022-12-22 00:00:00,,926.758,16.85,98.42%,3.51
2022-12-22 00:00:00,,926.758,16.85,98.42%,3.51
2022-12-22 00:00:00,,926.758,16.85,98.42%,3.51
2022-12-22 00:00:00,,926.758,16.85,98.42%,3.51
2022-12-22 00:00:00,,926.758,16.85,98.42%,3.51
2022-12-22 00:00:00,,926.758,16.85,98.42%,3.51
2022-12-22 00:00:00,,926.758,16.85,98.42%,3.51
2022-12-22 00:00:00,,926.758,16.85,98.42%,3.51
2022-12-22 00:00:00,,926.758,16.85,98.42%,3.51
2022-12-22 00:00:00,,926.758,16.85,98.42%,3.51
2022-12-22 00:00:00,,926.758,16.85,98.42%,3.51
2022-12-22 00:00:00,,926.758,16.85,98.42%,3.51
2022-12-22 00:00:00,,926.758,16.85,98.42%,3.51
2022-12-22 00:00:00,,926.758,16.85,98.42%,3.51
2022-12-22 00:00:00,,926.758,16.85,98.42%,3.51
2022-12-22 00:00:00,,926.758,16.85,98.42%,3.51
2022-12-22 00:00:00,,926.758,16.85,98.42%,3.51
2022-12-29 00:00:00,0.375,925.725,21.62,91.96%,2.11
2022-12-29 00:00:00,0.375,925.725,21.62,91.96%,2.11
2022-12-29 00:00:00,0.375,925.725,21.62,91.96%,2.11
2022-12-29 00:00:00,0.375,925.725,21.62,91.96%,2.11
2022-12-29 00:00:00,0.375,925.725,21.62,91.96%,2.11
2022-12-29 00:00:00,0.375,925.725,21.62,91.96%,2.11
2022-12-29 00:00:00,0.375,925.725,21.62,91.96%,2.11
2022-12-29 00:00:00,0.375,925.725,21.62,91.96%,2.11
2022-12-29 00:00:00,0.375,925.725,21.62,91.96%,2.11
2022-12-29 00:00:00,0.375,925.725,21.62,91.96%,2.11
2022-12-29 00:00:00,0.375,925.725,21.62,91.96%,2.11
2022-12-29 00:00:00,0.375,925.725,21.62,91.96%,2.11
2022-12-29 00:00:00,0.375,925.725,21.62,91.96%,2.11
2022-12-29 00:00:00,0.375,925.725,21.62,91.96%,2.11
2022-12-29 00:00:00,0.375,925.725,21.62,91.96%,2.11
2022-12-29 00:00:00,0.375,925.725,21.62,91.96%,2.11
2022-12-29 00:00:00,0.375,925.725,21.62,91.96%,2.11
2022-12-29 00:00:00,0.375,925.725,21.62,91.96%,2.11
2022-12-29 00:00:00,0.375,925.725,21.62,91.96%,2.11
2022-12-29 00:00:00,0.375,925.725,21.62,91.96%,2.11
2022-12-29 00:00:00,0.375,925.725,21.62,91.96%,2.11
2022-12-29 00:00:00,0.375,925.725,21.62,91.96%,2.11
2022-12-29 00:00:00,0.375,925.725,21.62,91.96%,2.11
2022-12-29 00:00:00,0.375,925.725,21.62,91.96%,2.11
2022-12-29 00:00:00,0.375,925.725,21.62,91.96%,2.11
2022-12-29 00:00:00,0.375,925.725,21.62,91.96%,2.11
2022-12-29 00:00:00,0.375,925.725,21.62,91.96%,2.11
2022-12-29 00:00:00,0.375,925.725,21.62,91.96%,2.11
2022-12-29 00:00:00,0.375,925.725,21.62,91.96%,2.11
2022-12-29 00:00:00,0.375,925.725,21.62,91.96%,2.11
2022-12-29 00:00:00,0.375,925.725,21.62,91.96%,2.11
2022-12-29 00:00:00,0.375,925.725,21.62,91.96%,2.11
2022-12-29 00:00:00,0.375,925.725,21.62,91.96%,2.11
2022-12-29 00:00:00,0.375,925.725,21.62,91.96%,2.11
2022-12-29 00:00:00,0.375,925.725,21.62,91.96%,2.11
2022-12-29 00:00:00,0.375,925.725,21.62,91.96%,2.11
2022-12-29 00:00:00,0.375,925.725,21.62,91.96%,2.11
2022-12-29 00:00:00,0.375,925.725,21.62,91.96%,2.11
2022-12-29 00:00:00,0.375,925.725,21.62,91.96%,2.11
2023-01-05 00:00:00,0.7167,925.275,16.76,100.0%,2.65
2023-01-05 00:00:00,0.7167,925.275,16.76,100.0%,2.65
2023-01-05 00:00:00,0.7167,925.275,16.76,100.0%,2.65
2023-01-05 00:00:00,0.7167,925.275,16.76,100.0%,2.65
2023-01-05 00:00:00,0.7167,925.275,16.76,100.0%,2.65
2023-01-05 00:00:00,0.7167,925.275,16.76,100.0%,2.65
2023-01-05 00:00:00,0.7167,925.275,16.76,100.0%,2.65
2023-01-05 00:00:00,0.7167,925.275,16.76,100.0%,2.65
2023-01-05 00:00:00,0.7167,925.275,16.76,100.0%,2.65
2023-01-05 00:00:00,0.7167,925.275,16.76,100.0%,2.65
2023-01-05 00:00:00,0.7167,925.275,16.76,100.0%,2.65
2023-01-05 00:00:00,0.7167,925.275,16.76,100.0%,2.65
2023-01-05 00:00:00,0.7167,925.275,16.76,100.0%,2.65
2023-01-05 00:00:00,0.7167,925.275,16.76,100.0%,2.65
2023-01-05 00:00:00,0.7167,925.275,16.76,100.0%,2.65
2023-01-05 00:00:00,0.7167,925.275,16.76,100.0%,2.65
2023-01-05 00:00:00,0.7167,925.275,16.76,100.0%,2.65
2023-01-05 00:00:00,0.7167,925.275,16.76,100.0%,2.65
2023-01-05 00:00:00,0.7167,925.275,16.76,100.0%,2.65
2023-01-05 00:00:00,0.7167,925.275,16.76,100.0%,2.65
2023-01-05 00:00:00,0.7167,925.275,16.76,100.0%,2.65
2023-01-05 00:00:00,0.7167,925.275,16.76,100.0%,2.65
2023-01-05 00:00:00,0.7167,925.275,16.76,100.0%,2.65
2023-01-05 00:00:00,0.7167,925.275,16.76,100.0%,2.65
2023-01-05 00:00:00,0.7167,925.275,16.76,100.0%,2.65
2023-01-05 00:00:00,0.7167,925.275,16.76,100.0%,2.65
2023-01-05 00:00:00,0.7167,925.275,16.76,100.0%,2.65
2023-01-05 00:00:00,0.7167,925.275,16.76,100.0%,2.65
2023-01-05 00:00:00,0.7167,925.275,16.76,100.0%,2.65
2023-01-05 00:00:00,0.7167,925.275,16.76,100.0%,2.65
2023-01-05 00:00:00,0.7167,925.275,16.76,100.0%,2.65
2023-01-05 00:00:00,0.7167,925.275,16.76,100.0%,2.65
2023-01-05 00:00:00,0.7167,925.275,16.76,100.0%,2.65
2023-01-05 00:00:00,0.7167,925.275,16.76,100.0%,2.65
2023-01-05 00:00:00,0.7167,925.275,16.76,100.0%,2.65
2023-01-05 00:00:00,0.7167,925.275,16.76,100.0%,2.65
2023-01-05 00:00:00,0.7167,925.275,16.76,100.0%,2.65
2023-01-05 00:00:00,0.7167,925.275,16.76,100.0%,2.65
2023-01-05 00:00:00,0.7167,925.275,16.76,100.0%,2.65
2023-01-12 00:00:00,0.525,924.263,21.77,90.08%,1.95
2023-01-12 00:00:00,0.525,924.263,21.77,90.08%,1.95
2023-01-12 00:00:00,0.525,924.263,21.77,90.08%,1.95
2023-01-12 00:00:00,0.525,924.263,21.77,90.08%,1.95
2023-01-12 00:00:00,0.525,924.263,21.77,90.08%,1.95
2023-01-12 00:00:00,0.525,924.263,21.77,90.08%,1.95
2023-01-12 00:00:00,0.525,924.263,21.77,90.08%,1.95
2023-01-12 00:00:00,0.525,924.263,21.77,90.08%,1.95
2023-01-12 00:00:00,0.525,924.263,21.77,90.08%,1.95
2023-01-12 00:00:00,0.525,924.263,21.77,90.08%,1.95
2023-01-12 00:00:00,0.525,924.263,21.77,90.08%,1.95
2023-01-12 00:00:00,0.525,924.263,21.77,90.08%,1.95
2023-01-12 00:00:00,0.525,924.263,21.77,90.08%,1.95
2023-01-12 00:00:00,0.525,924.263,21.77,90.08%,1.95
2023-01-12 00:00:00,0.525,924.263,21.77,90.08%,1.95
2023-01-12 00:00:00,0.525,924.263,21.77,90.08%,1.95
2023-01-12 00:00:00,0.525,924.263,21.77,90.08%,1.95
2023-01-12 00:00:00,0.525,924.263,21.77,90.08%,1.95
2023-01-12 00:00:00,0.525,924.263,21.77,90.08%,1.95
2023-01-12 00:00:00,0.525,924.263,21.77,90.08%,1.95
2023-01-12 00:00:00,0.525,924.263,21.77,90.08%,1.95
2023-01-12 00:00:00,0.525,924.263,21.77,90.08%,1.95
2023-01-12 00:00:00,0.525,924.263,21.77,90.08%,1.95
2023-01-12 00:00:00,0.525,924.263,21.77,90.08%,1.95
2023-01-12 00:00:00,0.525,924.263,21.77,90.08%,1.95
2023-01-12 00:00:00,0.525,924.263,21.77,90.08%,1.95
2023-01-12 00:00:00,0.525,924.263,21.77,90.08%,1.95
2023-01-12 00:00:00,0.525,924.263,21.77,90.08%,1.95
2023-01-12 00:00:00,0.525,924.263,21.77,90.08%,1.95
2023-01-12 00:00:00,0.525,924.263,21.77,90.08%,1.95
2023-01-12 00:00:00,0.525,924.263,21.77,90.08%,1.95
2023-01-12 00:00:00,0.525,924.263,21.77,90.08%,1.95
2023-01-12 00:00:00,0.525,924.263,21.77,90.08%,1.95
2023-01-12 00:00:00,0.525,924.263,21.77,90.08%,1.95
2023-01-12 00:00:00,0.525,924.263,21.77,90.08%,1.95
2023-01-12 00:00:00,0.525,924.263,21.77,90.08%,1.95
2023-01-12 00:00:00,0.525,924.263,21.77,90.08%,1.95
2023-01-12 00:00:00,0.525,924.263,21.77,90.08%,1.95
2023-01-12 00:00:00,0.525,924.263,21.77,90.08%,1.95
2023-01-19 00:00:00,0.0,928.242,21.94,91.25%,2.05
2023-01-19 00:00:00,0.0,928.242,21.94,91.25%,2.05
2023-01-19 00:00:00,0.0,928.242,21.94,91.25%,2.05
2023-01-19 00:00:00,0.0,928.242,21.94,91.25%,2.05
2023-01-19 00:00:00,0.0,928.242,21.94,91.25%,2.05
2023-01-19 00:00:00,0.0,928.242,21.94,91.25%,2.05
2023-01-19 00:00:00,0.0,928.242,21.94,91.25%,2.05
2023-01-19 00:00:00,0.0,928.242,21.94,91.25%,2.05
2023-01-19 00:00:00,0.0,928.242,21.94,91.25%,2.05
2023-01-19 00:00:00,0.0,928.242,21.94,91.25%,2.05
2023-01-19 00:00:00,0.0,928.242,21.94,91.25%,2.05
2023-01-19 00:00:00,0.0,928.242,21.94,91.25%,2.05
2023-01-19 00:00:00,0.0,928.242,21.94,91.25%,2.05
2023-01-19 00:00:00,0.0,928.242,21.94,91.25%,2.05
2023-01-19 00:00:00,0.0,928.242,21.94,91.25%,2.05
2023-01-19 00:00:00,0.0,928.242,21.94,91.25%,2.05
2023-01-19 00:00:00,0.0,928.242,21.94,91.25%,2.05
2023-01-19 00:00:00,0.0,928.242,21.94,91.25%,2.05
2023-01-19 00:00:00,0.0,928.242,21.94,91.25%,2.05
2023-01-19 00:00:00,0.0,928.242,21.94,91.25%,2.05
2023-01-19 00:00:00,0.0,928.242,21.94,91.25%,2.05
2023-01-19 00:00:00,0.0,928.242,21.94,91.25%,2.05
2023-01-19 00:00:00,0.0,928.242,21.94,91.25%,2.05
2023-01-19 00:00:00,0.0,928.242,21.94,91.25%,2.05
2023-01-19 00:00:00,0.0,928.242,21.94,91.25%,2.05
2023-01-19 00:00:00,0.0,928.242,21.94,91.25%,2.05
2023-01-19 00:00:00,0.0,928.242,21.94,91.25%,2.05
2023-01-19 00:00:00,0.0,928.242,21.94,91.25%,2.05
2023-01-19 00:00:00,0.0,928.242,21.94,91.25%,2.05
2023-01-19 00:00:00,0.0,928.242,21.94,91.25%,2.05
2023-01-19 00:00:00,0.0,928.242,21.94,91.25%,2.05
2023-01-19 00:00:00,0.0,928.242,21.94,91.25%,2.05
2023-01-19 00:00:00,0.0,928.242,21.94,91.25%,2.05
2023-01-19 00:00:00,0.0,928.242,21.94,91.25%,2.05
2023-01-19 00:00:00,0.0,928.242,21.94,91.25%,2.05
2023-01-19 00:00:00,0.0,928.242,21.94,91.25%,2.05
2023-01-19 00:00:00,0.0,928.242,21.94,91.25%,2.05
2023-01-19 00:00:00,0.0,928.242,21.94,91.25%,2.05
2023-01-19 00:00:00,0.0,928.242,21.94,91.25%,2.05
2023-01-26 00:00:00,0.0,925.529,22.05,70.17%,2.7
2023-01-26 00:00:00,0.0,925.529,22.05,70.17%,2.7
2023-01-26 00:00:00,0.0,925.529,22.05,70.17%,2.7
2023-01-26 00:00:00,0.0,925.529,22.05,70.17%,2.7
2023-01-26 00:00:00,0.0,925.529,22.05,70.17%,2.7
2023-01-26 00:00:00,0.0,925.529,22.05,70.17%,2.7
2023-01-26 00:00:00,0.0,925.529,22.05,70.17%,2.7
2023-01-26 00:00:00,0.0,925.529,22.05,70.17%,2.7
2023-01-26 00:00:00,0.0,925.529,22.05,70.17%,2.7
2023-01-26 00:00:00,0.0,925.529,22.05,70.17%,2.7
2023-01-26 00:00:00,0.0,925.529,22.05,70.17%,2.7
2023-01-26 00:00:00,0.0,925.529,22.05,70.17%,2.7
2023-01-26 00:00:00,0.0,925.529,22.05,70.17%,2.7
2023-01-26 00:00:00,0.0,925.529,22.05,70.17%,2.7
2023-01-26 00:00:00,0.0,925.529,22.05,70.17%,2.7
2023-01-26 00:00:00,0.0,925.529,22.05,70.17%,2.7
2023-01-26 00:00:00,0.0,925.529,22.05,70.17%,2.7
2023-01-26 00:00:00,0.0,925.529,22.05,70.17%,2.7
2023-01-26 00:00:00,0.0,925.529,22.05,70.17%,2.7
2023-01-26 00:00:00,0.0,925.529,22.05,70.17%,2.7
2023-01-26 00:00:00,0.0,925.529,22.05,70.17%,2.7
2023-01-26 00:00:00,0.0,925.529,22.05,70.17%,2.7
2023-01-26 00:00:00,0.0,925.529,22.05,70.17%,2.7
2023-01-26 00:00:00,0.0,925.529,22.05,70.17%,2.7
2023-01-26 00:00:00,0.0,925.529,22.05,70.17%,2.7
2023-01-26 00:00:00,0.0,925.529,22.05,70.17%,2.7
2023-01-26 00:00:00,0.0,925.529,22.05,70.17%,2.7
2023-01-26 00:00:00,0.0,925.529,22.05,70.17%,2.7
2023-01-26 00:00:00,0.0,925.529,22.05,70.17%,2.7
2023-01-26 00:00:00,0.0,925.529,22.05,70.17%,2.7
2023-01-26 00:00:00,0.0,925.529,22.05,70.17%,2.7
2023-01-26 00:00:00,0.0,925.529,22.05,70.17%,2.7
2023-01-26 00:00:00,0.0,925.529,22.05,70.17%,2.7
2023-01-26 00:00:00,0.0,925.529,22.05,70.17%,2.7
2023-01-26 00:00:00,0.0,925.529,22.05,70.17%,2.7
2023-01-26 00:00:00,0.0,925.529,22.05,70.17%,2.7
2023-01-26 00:00:00,0.0,925.529,22.05,70.17%,2.7
2023-01-26 00:00:00,0.0,925.529,22.05,70.17%,2.7
2023-01-26 00:00:00,0.0,925.529,22.05,70.17%,2.7
2023-02-02 00:00:00,0.7917,926.133,24.73,79.42%,2.1
2023-02-02 00:00:00,0.7917,926.133,24.73,79.42%,2.1
2023-02-02 00:00:00,0.7917,926.133,24.73,79.42%,2.1
2023-02-02 00:00:00,0.7917,926.133,24.73,79.42%,2.1
2023-02-02 00:00:00,0.7917,926.133,24.73,79.42%,2.1
2023-02-02 00:00:00,0.7917,926.133,24.73,79.42%,2.1
2023-02-02 00:00:00,0.7917,926.133,24.73,79.42%,2.1
2023-02-02 00:00:00,0.7917,926.133,24.73,79.42%,2.1
2023-02-02 00:00:00,0.7917,926.133,24.73,79.42%,2.1
2023-02-02 00:00:00,0.7917,926.133,24.73,79.42%,2.1
2023-02-02 00:00:00,0.7917,926.133,24.73,79.42%,2.1
2023-02-02 00:00:00,0.7917,926.133,24.73,79.42%,2.1
2023-02-02 00:00:00,0.7917,926.133,24.73,79.42%,2.1
2023-02-02 00:00:00,0.7917,926.133,24.73,79.42%,2.1
2023-02-02 00:00:00,0.7917,926.133,24.73,79.42%,2.1
2023-02-02 00:00:00,0.7917,926.133,24.73,79.42%,2.1
2023-02-02 00:00:00,0.7917,926.133,24.73,79.42%,2.1
2023-02-02 00:00:00,0.7917,926.133,24.73,79.42%,2.1
2023-02-02 00:00:00,0.7917,926.133,24.73,79.42%,2.1
2023-02-02 00:00:00,0.7917,926.133,24.73,79.42%,2.1
2023-02-02 00:00:00,0.7917,926.133,24.73,79.42%,2.1
2023-02-02 00:00:00,0.7917,926.133,24.73,79.42%,2.1
2023-02-02 00:00:00,0.7917,926.133,24.73,79.42%,2.1
2023-02-02 00:00:00,0.7917,926.133,24.73,79.42%,2.1
2023-02-02 00:00:00,0.7917,926.133,24.73,79.42%,2.1
2023-02-02 00:00:00,0.7917,926.133,24.73,79.42%,2.1
2023-02-02 00:00:00,0.7917,926.133,24.73,79.42%,2.1
2023-02-02 00:00:00,0.7917,926.133,24.73,79.42%,2.1
2023-02-02 00:00:00,0.7917,926.133,24.73,79.42%,2.1
2023-02-02 00:00:00,0.7917,926.133,24.73,79.42%,2.1
2023-02-02 00:00:00,0.7917,926.133,24.73,79.42%,2.1
2023-02-02 00:00:00,0.7917,926.133,24.73,79.42%,2.1
2023-02-02 00:00:00,0.7917,926.133,24.73,79.42%,2.1
2023-02-02 00:00:00,0.7917,926.133,24.73,79.42%,2.1
2023-02-02 00:00:00,0.7917,926.133,24.73,79.42%,2.1
2023-02-02 00:00:00,0.7917,926.133,24.73,79.42%,2.1
2023-02-02 00:00:00,0.7917,926.133,24.73,79.42%,2.1
2023-02-02 00:00:00,0.7917,926.133,24.73,79.42%,2.1
2023-02-02 00:00:00,0.7917,926.133,24.73,79.42%,2.1
2023-02-16 00:00:00,0.0,920.012,23.67,84.92%,2.87
2023-02-16 00:00:00,0.0,920.012,23.67,84.92%,2.87
2023-02-16 00:00:00,0.0,920.012,23.67,84.92%,2.87
2023-02-16 00:00:00,0.0,920.012,23.67,84.92%,2.87
2023-02-16 00:00:00,0.0,920.012,23.67,84.92%,2.87
2023-02-16 00:00:00,0.0,920.012,23.67,84.92%,2.87
2023-02-16 00:00:00,0.0,920.012,23.67,84.92%,2.87
2023-02-16 00:00:00,0.0,920.012,23.67,84.92%,2.87
2023-02-16 00:00:00,0.0,920.012,23.67,84.92%,2.87
2023-02-16 00:00:00,0.0,920.012,23.67,84.92%,2.87
2023-02-16 00:00:00,0.0,920.012,23.67,84.92%,2.87
2023-02-16 00:00:00,0.0,920.012,23.67,84.92%,2.87
2023-02-16 00:00:00,0.0,920.012,23.67,84.92%,2.87
2023-02-16 00:00:00,0.0,920.012,23.67,84.92%,2.87
2023-02-16 00:00:00,0.0,920.012,23.67,84.92%,2.87
2023-02-16 00:00:00,0.0,920.012,23.67,84.92%,2.87
2023-02-16 00:00:00,0.0,920.012,23.67,84.92%,2.87
2023-02-16 00:00:00,0.0,920.012,23.67,84.92%,2.87
2023-02-16 00:00:00,0.0,920.012,23.67,84.92%,2.87
2023-02-16 00:00:00,0.0,920.012,23.67,84.92%,2.87
2023-02-16 00:00:00,0.0,920.012,23.67,84.92%,2.87
2023-02-16 00:00:00,0.0,920.012,23.67,84.92%,2.87
2023-02-16 00:00:00,0.0,920.012,23.67,84.92%,2.87
2023-02-16 00:00:00,0.0,920.012,23.67,84.92%,2.87
2023-02-16 00:00:00,0.0,920.012,23.67,84.92%,2.87
2023-02-16 00:00:00,0.0,920.012,23.67,84.92%,2.87
2023-02-16 00:00:00,0.0,920.012,23.67,84.92%,2.87
2023-02-16 00:00:00,0.0,920.012,23.67,84.92%,2.87
2023-02-16 00:00:00,0.0,920.012,23.67,84.92%,2.87
2023-02-16 00:00:00,0.0,920.012,23.67,84.92%,2.87
2023-02-16 00:00:00,0.0,920.012,23.67,84.92%,2.87
2023-02-16 00:00:00,0.0,920.012,23.67,84.92%,2.87
2023-02-16 00:00:00,0.0,920.012,23.67,84.92%,2.87
2023-02-16 00:00:00,0.0,920.012,23.67,84.92%,2.87
2023-02-16 00:00:00,0.0,920.012,23.67,84.92%,2.87
2023-02-16 00:00:00,0.0,920.012,23.67,84.92%,2.87
2023-02-16 00:00:00,0.0,920.012,23.67,84.92%,2.87
2023-02-16 00:00:00,0.0,920.012,23.67,84.92%,2.87
2023-02-16 00:00:00,0.0,920.012,23.67,84.92%,2.87
2023-02-16 00:00:00,0.0,920.012,23.67,84.92%,2.87
2023-02-09 00:00:00,0.0,926.687,21.92,88.3%,1.77
2023-02-09 00:00:00,0.0,926.687,21.92,88.3%,1.77
2023-02-09 00:00:00,0.0,926.687,21.92,88.3%,1.77
2023-02-09 00:00:00,0.0,926.687,21.92,88.3%,1.77
2023-02-09 00:00:00,0.0,926.687,21.92,88.3%,1.77
2023-02-09 00:00:00,0.0,926.687,21.92,88.3%,1.77
2023-02-09 00:00:00,0.0,926.687,21.92,88.3%,1.77
2023-02-09 00:00:00,0.0,926.687,21.92,88.3%,1.77
2023-02-09 00:00:00,0.0,926.687,21.92,88.3%,1.77
2023-02-09 00:00:00,0.0,926.687,21.92,88.3%,1.77
2023-02-09 00:00:00,0.0,926.687,21.92,88.3%,1.77
2023-02-09 00:00:00,0.0,926.687,21.92,88.3%,1.77
2023-02-09 00:00:00,0.0,926.687,21.92,88.3%,1.77
2023-02-09 00:00:00,0.0,926.687,21.92,88.3%,1.77
2023-02-09 00:00:00,0.0,926.687,21.92,88.3%,1.77
2023-02-09 00:00:00,0.0,926.687,21.92,88.3%,1.77
2023-02-09 00:00:00,0.0,926.687,21.92,88.3%,1.77
2023-02-09 00:00:00,0.0,926.687,21.92,88.3%,1.77
2023-02-09 00:00:00,0.0,926.687,21.92,88.3%,1.77
2023-02-09 00:00:00,0.0,926.687,21.92,88.3%,1.77
2023-02-09 00:00:00,0.0,926.687,21.92,88.3%,1.77
2023-02-09 00:00:00,0.0,926.687,21.92,88.3%,1.77
2023-02-09 00:00:00,0.0,926.687,21.92,88.3%,1.77
2023-02-09 00:00:00,0.0,926.687,21.92,88.3%,1.77
2023-02-09 00:00:00,0.0,926.687,21.92,88.3%,1.77
2023-02-09 00:00:00,0.0,926.687,21.92,88.3%,1.77
2023-02-09 00:00:00,0.0,926.687,21.92,88.3%,1.77
2023-02-09 00:00:00,0.0,926.687,21.92,88.3%,1.77
2023-02-09 00:00:00,0.0,926.687,21.92,88.3%,1.77
2023-02-09 00:00:00,0.0,926.687,21.92,88.3%,1.77
2023-02-09 00:00:00,0.0,926.687,21.92,88.3%,1.77
2023-02-09 00:00:00,0.0,926.687,21.92,88.3%,1.77
2023-02-09 00:00:00,0.0,926.687,21.92,88.3%,1.77
2023-02-09 00:00:00,0.0,926.687,21.92,88.3%,1.77
2023-02-09 00:00:00,0.0,926.687,21.92,88.3%,1.77
2023-02-09 00:00:00,0.0,926.687,21.92,88.3%,1.77
2023-02-09 00:00:00,0.0,926.687,21.92,88.3%,1.77
2023-02-09 00:00:00,0.0,926.687,21.92,88.3%,1.77
